Country,summary_code,iso3,impVal
Afghanistan,111CA,AFG,3597103.0
Afghanistan,113FF,AFG,83490.0
Afghanistan,212,AFG,15399.0
Afghanistan,311FT,AFG,11165229.0
Afghanistan,313TT,AFG,4089098.0
Afghanistan,315AL,AFG,102387.0
Afghanistan,322,AFG,18531.0
Afghanistan,323,AFG,16000.0
Afghanistan,325,AFG,30017.0
Afghanistan,326,AFG,10725.0
Afghanistan,327,AFG,6750.0
Afghanistan,331,AFG,23075.0
Afghanistan,332,AFG,83154.0
Afghanistan,333,AFG,31588.0
Afghanistan,334,AFG,74226.0
Afghanistan,335,AFG,48834.0
Afghanistan,3361MV,AFG,13504.0
Afghanistan,337,AFG,94883.0
Afghanistan,339,AFG,1112493.0
Afghanistan,Other,AFG,1971873.0
Albania,111CA,ALB,17960340.0
Albania,113FF,ALB,1320785.0
Albania,212,ALB,36615.0
Albania,311FT,ALB,6862452.0
Albania,313TT,ALB,130579.0
Albania,315AL,ALB,13873209.0
Albania,321,ALB,154854.0
Albania,322,ALB,2713926.0
Albania,323,ALB,35015.0
Albania,325,ALB,4713651.0
Albania,326,ALB,992072.0
Albania,327,ALB,109794.0
Albania,331,ALB,64834468.0
Albania,332,ALB,6367644.0
Albania,333,ALB,248539.0
Albania,334,ALB,209693.0
Albania,335,ALB,1352420.0
Albania,3361MV,ALB,1055527.0
Albania,3364OT,ALB,483718.0
Albania,337,ALB,2686013.0
Albania,339,ALB,267597.0
Albania,Other,ALB,1871498.0
Andorra,311FT,AND,2912.0
Andorra,313TT,AND,511.0
Andorra,323,AND,123903.0
Andorra,325,AND,584.0
Andorra,326,AND,19679.0
Andorra,331,AND,11165.0
Andorra,332,AND,197531.0
Andorra,333,AND,28226.0
Andorra,334,AND,1548232.0
Andorra,335,AND,27334.0
Andorra,3364OT,AND,24995.0
Andorra,337,AND,30176.0
Andorra,339,AND,917227.0
Andorra,Other,AND,436774.0
Anguilla,311FT,AIA,235930.0
Anguilla,313TT,AIA,2056.0
Anguilla,315AL,AIA,165172.0
Anguilla,325,AIA,53405.0
Anguilla,326,AIA,68858.0
Anguilla,327,AIA,55328.0
Anguilla,333,AIA,3666.0
Anguilla,335,AIA,24329.0
Anguilla,3364OT,AIA,108000.0
Anguilla,337,AIA,13340.0
Anguilla,Other,AIA,460514.0
Antigua and Barbuda,212,ATG,54800.0
Antigua and Barbuda,311FT,ATG,234213.0
Antigua and Barbuda,313TT,ATG,65143.0
Antigua and Barbuda,315AL,ATG,7300.0
Antigua and Barbuda,323,ATG,205042.0
Antigua and Barbuda,324,ATG,1393295.0
Antigua and Barbuda,325,ATG,3581.0
Antigua and Barbuda,326,ATG,289.0
Antigua and Barbuda,327,ATG,13457.0
Antigua and Barbuda,331,ATG,1395289.0
Antigua and Barbuda,332,ATG,5243.0
Antigua and Barbuda,333,ATG,65507.0
Antigua and Barbuda,334,ATG,247705.0
Antigua and Barbuda,335,ATG,14871.0
Antigua and Barbuda,3361MV,ATG,9049.0
Antigua and Barbuda,339,ATG,81141.0
Antigua and Barbuda,Other,ATG,19955625.0
Argentina,111CA,ARG,527412567.0
Argentina,113FF,ARG,358173999.0
Argentina,211,ARG,1411244779.0
Argentina,212,ARG,4811175.0
Argentina,311FT,ARG,1395152608.0
Argentina,313TT,ARG,1457412.0
Argentina,315AL,ARG,13578186.0
Argentina,321,ARG,101694220.0
Argentina,322,ARG,17636146.0
Argentina,323,ARG,623271.0
Argentina,324,ARG,333445206.0
Argentina,325,ARG,983219421.0
Argentina,326,ARG,23422810.0
Argentina,327,ARG,2506347.0
Argentina,331,ARG,1423421334.0
Argentina,332,ARG,43222037.0
Argentina,333,ARG,89087006.0
Argentina,334,ARG,10768738.0
Argentina,335,ARG,11443862.0
Argentina,3361MV,ARG,30950537.0
Argentina,3364OT,ARG,9822302.0
Argentina,337,ARG,4237058.0
Argentina,339,ARG,4820258.0
Argentina,Other,ARG,290009890.0
Armenia,111CA,ARM,526718.0
Armenia,113FF,ARM,100804.0
Armenia,212,ARM,89580.0
Armenia,311FT,ARM,18935293.0
Armenia,313TT,ARM,230105.0
Armenia,315AL,ARM,8267713.0
Armenia,321,ARM,387341.0
Armenia,322,ARM,95825.0
Armenia,323,ARM,18231.0
Armenia,325,ARM,1002607.0
Armenia,326,ARM,269035.0
Armenia,327,ARM,80424.0
Armenia,331,ARM,2160611.0
Armenia,332,ARM,205431.0
Armenia,333,ARM,370985.0
Armenia,334,ARM,617819.0
Armenia,335,ARM,232307.0
Armenia,3361MV,ARM,14029.0
Armenia,337,ARM,124863.0
Armenia,339,ARM,84831484.0
Armenia,Other,ARM,3021911.0
Aruba,313TT,ABW,300.0
Aruba,315AL,ABW,6886.0
Aruba,321,ABW,4000.0
Aruba,323,ABW,18088.0
Aruba,325,ABW,1121496.0
Aruba,326,ABW,4952.0
Aruba,327,ABW,47460.0
Aruba,332,ABW,21183.0
Aruba,333,ABW,22363.0
Aruba,334,ABW,323347.0
Aruba,335,ABW,6016.0
Aruba,3361MV,ABW,62618.0
Aruba,3364OT,ABW,4300.0
Aruba,337,ABW,2775.0
Aruba,339,ABW,137099.0
Aruba,Other,ABW,8921785.0
Australia,111CA,AUS,136098535.0
Australia,113FF,AUS,112244798.0
Australia,212,AUS,613702879.0
Australia,311FT,AUS,5285175662.0
Australia,313TT,AUS,30223248.0
Australia,315AL,AUS,27296633.0
Australia,321,AUS,9244694.0
Australia,322,AUS,72425989.0
Australia,323,AUS,11762459.0
Australia,324,AUS,13414822.0
Australia,325,AUS,1721731506.0
Australia,326,AUS,92499827.0
Australia,327,AUS,45317873.0
Australia,331,AUS,3414815800.0
Australia,332,AUS,203732541.0
Australia,333,AUS,565836684.0
Australia,334,AUS,730412529.0
Australia,335,AUS,202699067.0
Australia,3361MV,AUS,133340404.0
Australia,3364OT,AUS,510574784.0
Australia,337,AUS,26567522.0
Australia,339,AUS,1462182755.0
Australia,Other,AUS,1264208829.0
Austria,111CA,AUT,3297051.0
Austria,113FF,AUT,1356112.0
Austria,212,AUT,1658467.0
Austria,311FT,AUT,385507010.0
Austria,313TT,AUT,45468799.0
Austria,315AL,AUT,28571683.0
Austria,321,AUT,172465724.0
Austria,322,AUT,113631141.0
Austria,323,AUT,9560622.0
Austria,324,AUT,3711234.0
Austria,325,AUT,3985442502.0
Austria,326,AUT,237882950.0
Austria,327,AUT,219748420.0
Austria,331,AUT,935028030.0
Austria,332,AUT,975311583.0
Austria,333,AUT,3995587346.0
Austria,334,AUT,997049919.0
Austria,335,AUT,769772222.0
Austria,3361MV,AUT,2877874581.0
Austria,3364OT,AUT,671209306.0
Austria,337,AUT,50193951.0
Austria,339,AUT,606766355.0
Austria,Other,AUT,484917821.0
Azerbaijan,111CA,AZE,101105.0
Azerbaijan,212,AZE,5015.0
Azerbaijan,311FT,AZE,3578953.0
Azerbaijan,313TT,AZE,63046.0
Azerbaijan,315AL,AZE,28915.0
Azerbaijan,321,AZE,926509.0
Azerbaijan,323,AZE,471530.0
Azerbaijan,325,AZE,2030893.0
Azerbaijan,326,AZE,109987.0
Azerbaijan,327,AZE,210860.0
Azerbaijan,331,AZE,81937661.0
Azerbaijan,332,AZE,11600235.0
Azerbaijan,333,AZE,1420680.0
Azerbaijan,334,AZE,196450.0
Azerbaijan,335,AZE,3048168.0
Azerbaijan,3361MV,AZE,6701.0
Azerbaijan,3364OT,AZE,588056.0
Azerbaijan,337,AZE,533932.0
Azerbaijan,339,AZE,2279141.0
Azerbaijan,Other,AZE,48638635.0
Bahamas,111CA,BHS,21000.0
Bahamas,113FF,BHS,102912056.0
Bahamas,212,BHS,47304700.0
Bahamas,311FT,BHS,164478.0
Bahamas,313TT,BHS,7130.0
Bahamas,315AL,BHS,40446.0
Bahamas,323,BHS,49940.0
Bahamas,324,BHS,598685277.0
Bahamas,325,BHS,54456234.0
Bahamas,326,BHS,10085.0
Bahamas,327,BHS,10785.0
Bahamas,331,BHS,4000.0
Bahamas,332,BHS,251279.0
Bahamas,333,BHS,1235278.0
Bahamas,334,BHS,615490.0
Bahamas,335,BHS,287066.0
Bahamas,3361MV,BHS,391355.0
Bahamas,3364OT,BHS,484455.0
Bahamas,337,BHS,35620.0
Bahamas,339,BHS,238856.0
Bahamas,Other,BHS,985167489.0
Bahrain,111CA,BHR,68890.0
Bahrain,113FF,BHR,3044737.0
Bahrain,311FT,BHR,5834737.0
Bahrain,313TT,BHR,53753995.0
Bahrain,315AL,BHR,1151627.0
Bahrain,321,BHR,5861.0
Bahrain,322,BHR,747415.0
Bahrain,323,BHR,15604.0
Bahrain,324,BHR,196398733.0
Bahrain,325,BHR,324020.0
Bahrain,326,BHR,36817647.0
Bahrain,327,BHR,25828468.0
Bahrain,331,BHR,772490280.0
Bahrain,332,BHR,1861433.0
Bahrain,333,BHR,2115480.0
Bahrain,334,BHR,1520723.0
Bahrain,335,BHR,111802.0
Bahrain,3361MV,BHR,120229.0
Bahrain,3364OT,BHR,116500.0
Bahrain,337,BHR,640819.0
Bahrain,339,BHR,53794397.0
Bahrain,Other,BHR,47577525.0
Bangladesh,111CA,BGD,23641831.0
Bangladesh,113FF,BGD,8834832.0
Bangladesh,311FT,BGD,20798098.0
Bangladesh,313TT,BGD,199349563.0
Bangladesh,315AL,BGD,7722658651.0
Bangladesh,321,BGD,3280258.0
Bangladesh,322,BGD,3897388.0
Bangladesh,323,BGD,1239898.0
Bangladesh,325,BGD,22070488.0
Bangladesh,326,BGD,23251932.0
Bangladesh,327,BGD,6757747.0
Bangladesh,332,BGD,4588291.0
Bangladesh,333,BGD,4367526.0
Bangladesh,334,BGD,2791149.0
Bangladesh,335,BGD,3561468.0
Bangladesh,3361MV,BGD,2934660.0
Bangladesh,3364OT,BGD,4106667.0
Bangladesh,337,BGD,18311654.0
Bangladesh,339,BGD,185537499.0
Bangladesh,Other,BGD,103786727.0
Barbados,111CA,BRB,296288.0
Barbados,113FF,BRB,648601.0
Barbados,311FT,BRB,25250389.0
Barbados,313TT,BRB,574008.0
Barbados,315AL,BRB,1087857.0
Barbados,321,BRB,9295.0
Barbados,322,BRB,63588.0
Barbados,323,BRB,901045.0
Barbados,324,BRB,36410.0
Barbados,325,BRB,41681.0
Barbados,326,BRB,5905.0
Barbados,327,BRB,39126.0
Barbados,333,BRB,318289.0
Barbados,334,BRB,3269432.0
Barbados,335,BRB,15882.0
Barbados,3361MV,BRB,42462.0
Barbados,3364OT,BRB,2936.0
Barbados,337,BRB,1500.0
Barbados,339,BRB,5080268.0
Barbados,Other,BRB,10879677.0
Belarus,111CA,BLR,149479.0
Belarus,113FF,BLR,46508.0
Belarus,311FT,BLR,8425683.0
Belarus,313TT,BLR,2129723.0
Belarus,315AL,BLR,277687.0
Belarus,321,BLR,283120.0
Belarus,323,BLR,1529428.0
Belarus,324,BLR,2665.0
Belarus,325,BLR,260437.0
Belarus,326,BLR,449820.0
Belarus,327,BLR,15711.0
Belarus,331,BLR,568154.0
Belarus,332,BLR,3588376.0
Belarus,333,BLR,460195.0
Belarus,334,BLR,839480.0
Belarus,335,BLR,174747.0
Belarus,3361MV,BLR,25790.0
Belarus,3364OT,BLR,3678.0
Belarus,337,BLR,73408.0
Belarus,339,BLR,232092.0
Belarus,Other,BLR,512792.0
Belgium,111CA,BEL,107228659.0
Belgium,113FF,BEL,609466.0
Belgium,211,BEL,10368.0
Belgium,212,BEL,5845393.0
Belgium,311FT,BEL,1175634643.0
Belgium,313TT,BEL,156190971.0
Belgium,315AL,BEL,10688748.0
Belgium,321,BEL,67891533.0
Belgium,322,BEL,84949064.0
Belgium,323,BEL,38170885.0
Belgium,324,BEL,882085524.0
Belgium,325,BEL,14974953264.0
Belgium,326,BEL,200298269.0
Belgium,327,BEL,128109081.0
Belgium,331,BEL,1251344171.0
Belgium,332,BEL,253648753.0
Belgium,333,BEL,1290749780.0
Belgium,334,BEL,509087135.0
Belgium,335,BEL,250358447.0
Belgium,3361MV,BEL,1434707580.0
Belgium,3364OT,BEL,265861102.0
Belgium,337,BEL,30870724.0
Belgium,339,BEL,1764660506.0
Belgium,Other,BEL,2965896409.0
Belize,111CA,BLZ,2932572.0
Belize,113FF,BLZ,14923052.0
Belize,311FT,BLZ,49923044.0
Belize,313TT,BLZ,86357.0
Belize,315AL,BLZ,127643.0
Belize,321,BLZ,1956440.0
Belize,322,BLZ,43306.0
Belize,323,BLZ,3144.0
Belize,324,BLZ,4225.0
Belize,325,BLZ,1028415.0
Belize,326,BLZ,22299.0
Belize,327,BLZ,213119.0
Belize,332,BLZ,39136.0
Belize,333,BLZ,283608.0
Belize,334,BLZ,408281.0
Belize,335,BLZ,134139.0
Belize,3361MV,BLZ,25037.0
Belize,3364OT,BLZ,4500.0
Belize,337,BLZ,423897.0
Belize,339,BLZ,824774.0
Belize,Other,BLZ,7721510.0
Bermuda,111CA,BMU,18000.0
Bermuda,311FT,BMU,723887.0
Bermuda,313TT,BMU,7901.0
Bermuda,321,BMU,6000.0
Bermuda,323,BMU,2500.0
Bermuda,324,BMU,335000.0
Bermuda,325,BMU,143389.0
Bermuda,326,BMU,10890.0
Bermuda,327,BMU,5645.0
Bermuda,331,BMU,5500.0
Bermuda,332,BMU,41993.0
Bermuda,333,BMU,53125.0
Bermuda,334,BMU,329176.0
Bermuda,335,BMU,326336.0
Bermuda,3361MV,BMU,50873.0
Bermuda,3364OT,BMU,30000.0
Bermuda,337,BMU,5270.0
Bermuda,339,BMU,885336.0
Bermuda,Other,BMU,20347447.0
Bhutan,311FT,BTN,21849.0
Bhutan,313TT,BTN,1600.0
Bhutan,315AL,BTN,29668.0
Bhutan,322,BTN,3620.0
Bhutan,323,BTN,2465.0
Bhutan,326,BTN,3872.0
Bhutan,327,BTN,2595.0
Bhutan,331,BTN,3016304.0
Bhutan,332,BTN,2040.0
Bhutan,335,BTN,300.0
Bhutan,337,BTN,2200.0
Bhutan,339,BTN,26071.0
Bhutan,Other,BTN,168464.0
Bolivia,111CA,BOL,84331470.0
Bolivia,212,BOL,39436620.0
Bolivia,311FT,BOL,18974278.0
Bolivia,313TT,BOL,75949.0
Bolivia,315AL,BOL,5772686.0
Bolivia,321,BOL,16530437.0
Bolivia,322,BOL,181592.0
Bolivia,323,BOL,49917.0
Bolivia,325,BOL,17555683.0
Bolivia,326,BOL,11163.0
Bolivia,327,BOL,39080.0
Bolivia,331,BOL,268901235.0
Bolivia,332,BOL,116546.0
Bolivia,333,BOL,526995.0
Bolivia,334,BOL,2817987.0
Bolivia,335,BOL,229379.0
Bolivia,3361MV,BOL,797687.0
Bolivia,3364OT,BOL,21640.0
Bolivia,337,BOL,7367350.0
Bolivia,339,BOL,7523176.0
Bolivia,Other,BOL,32885825.0
Bosnia and Herzegovina,111CA,BIH,9468.0
Bosnia and Herzegovina,212,BIH,635645.0
Bosnia and Herzegovina,311FT,BIH,4218018.0
Bosnia and Herzegovina,313TT,BIH,1560054.0
Bosnia and Herzegovina,315AL,BIH,27427734.0
Bosnia and Herzegovina,321,BIH,1207209.0
Bosnia and Herzegovina,322,BIH,59591.0
Bosnia and Herzegovina,323,BIH,971574.0
Bosnia and Herzegovina,325,BIH,7113965.0
Bosnia and Herzegovina,326,BIH,1405442.0
Bosnia and Herzegovina,327,BIH,403743.0
Bosnia and Herzegovina,331,BIH,431861.0
Bosnia and Herzegovina,332,BIH,70699561.0
Bosnia and Herzegovina,333,BIH,15706393.0
Bosnia and Herzegovina,334,BIH,2702504.0
Bosnia and Herzegovina,335,BIH,5976897.0
Bosnia and Herzegovina,3361MV,BIH,10473297.0
Bosnia and Herzegovina,3364OT,BIH,3154562.0
Bosnia and Herzegovina,337,BIH,12373688.0
Bosnia and Herzegovina,339,BIH,8260346.0
Bosnia and Herzegovina,Other,BIH,4298032.0
Brazil,111CA,BRA,2474744843.0
Brazil,113FF,BRA,243741589.0
Brazil,211,BRA,6481091614.0
Brazil,212,BRA,472998843.0
Brazil,311FT,BRA,4848197578.0
Brazil,313TT,BRA,47918587.0
Brazil,315AL,BRA,341378801.0
Brazil,321,BRA,1550175849.0
Brazil,322,BRA,2087064128.0
Brazil,323,BRA,14118064.0
Brazil,324,BRA,2085949071.0
Brazil,325,BRA,1796886313.0
Brazil,326,BRA,529085594.0
Brazil,327,BRA,964920857.0
Brazil,331,BRA,6450765993.0
Brazil,332,BRA,804221578.0
Brazil,333,BRA,2916711669.0
Brazil,334,BRA,292229935.0
Brazil,335,BRA,1147427025.0
Brazil,3361MV,BRA,635553152.0
Brazil,3364OT,BRA,2195531240.0
Brazil,337,BRA,242309002.0
Brazil,339,BRA,661101869.0
Brazil,Other,BRA,3032200427.0
British Virgin Islands,311FT,VGB,5540.0
British Virgin Islands,315AL,VGB,93848.0
British Virgin Islands,322,VGB,12582.0
British Virgin Islands,323,VGB,6468.0
British Virgin Islands,326,VGB,14656.0
British Virgin Islands,332,VGB,6360.0
British Virgin Islands,333,VGB,83011.0
British Virgin Islands,334,VGB,606039.0
British Virgin Islands,335,VGB,99826.0
British Virgin Islands,337,VGB,17520.0
British Virgin Islands,339,VGB,1388093.0
British Virgin Islands,Other,VGB,57912864.0
Brunei,311FT,BRN,52074.0
Brunei,313TT,BRN,23324.0
Brunei,315AL,BRN,4342589.0
Brunei,321,BRN,296881.0
Brunei,322,BRN,82934.0
Brunei,324,BRN,42489714.0
Brunei,325,BRN,174177948.0
Brunei,326,BRN,1814.0
Brunei,327,BRN,3030.0
Brunei,331,BRN,3684065.0
Brunei,332,BRN,1816927.0
Brunei,333,BRN,1564270.0
Brunei,334,BRN,152406.0
Brunei,335,BRN,61202.0
Brunei,3364OT,BRN,9378.0
Brunei,337,BRN,1640.0
Brunei,339,BRN,31491.0
Brunei,Other,BRN,10057619.0
Bulgaria,111CA,BGR,75056041.0
Bulgaria,113FF,BGR,998690.0
Bulgaria,212,BGR,629059.0
Bulgaria,311FT,BGR,76103776.0
Bulgaria,313TT,BGR,7996804.0
Bulgaria,315AL,BGR,81812440.0
Bulgaria,321,BGR,1840504.0
Bulgaria,322,BGR,3919546.0
Bulgaria,323,BGR,2050686.0
Bulgaria,324,BGR,88493990.0
Bulgaria,325,BGR,137732431.0
Bulgaria,326,BGR,23380710.0
Bulgaria,327,BGR,26644547.0
Bulgaria,331,BGR,200178011.0
Bulgaria,332,BGR,59063119.0
Bulgaria,333,BGR,151183408.0
Bulgaria,334,BGR,216911662.0
Bulgaria,335,BGR,95763441.0
Bulgaria,3361MV,BGR,35154332.0
Bulgaria,3364OT,BGR,19415965.0
Bulgaria,337,BGR,12616032.0
Bulgaria,339,BGR,134502734.0
Bulgaria,Other,BGR,38686227.0
Burma,111CA,MMR,6776944.0
Burma,113FF,MMR,38316450.0
Burma,311FT,MMR,2686143.0
Burma,313TT,MMR,18808607.0
Burma,315AL,MMR,440024680.0
Burma,321,MMR,1834730.0
Burma,322,MMR,366549.0
Burma,325,MMR,1417273.0
Burma,326,MMR,22871155.0
Burma,327,MMR,181136.0
Burma,331,MMR,2188116.0
Burma,332,MMR,1729879.0
Burma,333,MMR,886436.0
Burma,334,MMR,65976761.0
Burma,335,MMR,5625574.0
Burma,3361MV,MMR,898115.0
Burma,3364OT,MMR,835877.0
Burma,337,MMR,4887841.0
Burma,339,MMR,39101611.0
Burma,Other,MMR,1047068.0
Cambodia,111CA,KHM,2940608.0
Cambodia,113FF,KHM,3377580.0
Cambodia,212,KHM,67412.0
Cambodia,311FT,KHM,135101620.0
Cambodia,313TT,KHM,289123492.0
Cambodia,315AL,KHM,6526512041.0
Cambodia,321,KHM,377512534.0
Cambodia,322,KHM,68470213.0
Cambodia,323,KHM,39750698.0
Cambodia,325,KHM,30147326.0
Cambodia,326,KHM,920962410.0
Cambodia,327,KHM,36592939.0
Cambodia,331,KHM,10426698.0
Cambodia,332,KHM,77862169.0
Cambodia,333,KHM,41422438.0
Cambodia,334,KHM,137973910.0
Cambodia,335,KHM,2293180693.0
Cambodia,3361MV,KHM,7996023.0
Cambodia,3364OT,KHM,217342308.0
Cambodia,337,KHM,869151487.0
Cambodia,339,KHM,508415297.0
Cambodia,Other,KHM,67476919.0
Canada,111CA,CAN,9757568484.0
Canada,113FF,CAN,3149356815.0
Canada,211,CAN,106246484961.0
Canada,212,CAN,1573727580.0
Canada,311FT,CAN,31926569507.0
Canada,313TT,CAN,989430054.0
Canada,315AL,CAN,871121019.0
Canada,321,CAN,11065405905.0
Canada,322,CAN,9562926505.0
Canada,323,CAN,832631970.0
Canada,324,CAN,15694192264.0
Canada,325,CAN,29929293897.0
Canada,326,CAN,10807028265.0
Canada,327,CAN,2358852793.0
Canada,331,CAN,32194990921.0
Canada,332,CAN,8337624868.0
Canada,333,CAN,21460123206.0
Canada,334,CAN,7549763049.0
Canada,335,CAN,8190969498.0
Canada,3361MV,CAN,52318607153.0
Canada,3364OT,CAN,16117908432.0
Canada,337,CAN,3756651420.0
Canada,339,CAN,3086338954.0
Canada,Other,CAN,24918152357.0
Cayman Islands,111CA,CYM,121500.0
Cayman Islands,212,CYM,7888.0
Cayman Islands,311FT,CYM,344431.0
Cayman Islands,313TT,CYM,5000.0
Cayman Islands,315AL,CYM,8076.0
Cayman Islands,322,CYM,33657.0
Cayman Islands,323,CYM,6426.0
Cayman Islands,325,CYM,23600.0
Cayman Islands,326,CYM,7800.0
Cayman Islands,327,CYM,3500.0
Cayman Islands,331,CYM,45000.0
Cayman Islands,332,CYM,110167.0
Cayman Islands,333,CYM,205618.0
Cayman Islands,334,CYM,14965309.0
Cayman Islands,335,CYM,17236788.0
Cayman Islands,3361MV,CYM,213604.0
Cayman Islands,3364OT,CYM,3000.0
Cayman Islands,337,CYM,25845.0
Cayman Islands,339,CYM,249937.0
Cayman Islands,Other,CYM,15782404.0
Chile,111CA,CHL,3987101731.0
Chile,113FF,CHL,995972379.0
Chile,211,CHL,39332718.0
Chile,212,CHL,182410054.0
Chile,311FT,CHL,1352505268.0
Chile,313TT,CHL,14163098.0
Chile,315AL,CHL,9516541.0
Chile,321,CHL,1046160531.0
Chile,322,CHL,91892830.0
Chile,323,CHL,386123.0
Chile,324,CHL,85380751.0
Chile,325,CHL,731152439.0
Chile,326,CHL,380902891.0
Chile,327,CHL,26947908.0
Chile,331,CHL,6817444606.0
Chile,332,CHL,30802522.0
Chile,333,CHL,101874145.0
Chile,334,CHL,11826329.0
Chile,335,CHL,21643165.0
Chile,3361MV,CHL,48280904.0
Chile,3364OT,CHL,18955885.0
Chile,337,CHL,1112452.0
Chile,339,CHL,2081861.0
Chile,Other,CHL,471632825.0
China,111CA,CHN,513896911.0
China,113FF,CHN,1588204872.0
China,211,CHN,3368270.0
China,212,CHN,151619834.0
China,311FT,CHN,4882274075.0
China,313TT,CHN,13610020714.0
China,315AL,CHN,30626664293.0
China,321,CHN,1928346531.0
China,322,CHN,3285555504.0
China,323,CHN,2674333107.0
China,324,CHN,405864269.0
China,325,CHN,23209058292.0
China,326,CHN,19003162721.0
China,327,CHN,7097630438.0
China,331,CHN,3257856164.0
China,332,CHN,24814680726.0
China,333,CHN,32433681845.0
China,334,CHN,121550586854.0
China,335,CHN,55927779290.0
China,3361MV,CHN,15530725845.0
China,3364OT,CHN,4381959935.0
China,337,CHN,13262839144.0
China,339,CHN,47504173315.0
China,Other,CHN,11303103196.0
Christmas Island,111CA,CXR,19835.0
Christmas Island,315AL,CXR,6604.0
Christmas Island,323,CXR,10461.0
Christmas Island,327,CXR,4750.0
Christmas Island,332,CXR,187146.0
Christmas Island,333,CXR,291251.0
Christmas Island,334,CXR,380992.0
Christmas Island,335,CXR,75237.0
Christmas Island,3361MV,CXR,5289.0
Christmas Island,3364OT,CXR,52365.0
Christmas Island,337,CXR,12250.0
Christmas Island,339,CXR,614878.0
Christmas Island,Other,CXR,86184.0
Cocos (Keeling) Islands,313TT,CCK,9349.0
Cocos (Keeling) Islands,315AL,CCK,24469.0
Cocos (Keeling) Islands,322,CCK,58445.0
Cocos (Keeling) Islands,323,CCK,4920.0
Cocos (Keeling) Islands,326,CCK,8514.0
Cocos (Keeling) Islands,332,CCK,69253.0
Cocos (Keeling) Islands,333,CCK,35582.0
Cocos (Keeling) Islands,334,CCK,180362.0
Cocos (Keeling) Islands,335,CCK,54468.0
Cocos (Keeling) Islands,3361MV,CCK,170786.0
Cocos (Keeling) Islands,337,CCK,12460.0
Cocos (Keeling) Islands,339,CCK,42096.0
Cocos (Keeling) Islands,Other,CCK,429940.0
Colombia,111CA,COL,3286405325.0
Colombia,113FF,COL,119936886.0
Colombia,211,COL,5784495278.0
Colombia,212,COL,158081400.0
Colombia,311FT,COL,967795392.0
Colombia,313TT,COL,98798561.0
Colombia,315AL,COL,248508957.0
Colombia,321,COL,9298308.0
Colombia,322,COL,90480280.0
Colombia,323,COL,16601507.0
Colombia,324,COL,1551676719.0
Colombia,325,COL,424624556.0
Colombia,326,COL,233290801.0
Colombia,327,COL,173162038.0
Colombia,331,COL,1943316140.0
Colombia,332,COL,783837707.0
Colombia,333,COL,56761470.0
Colombia,334,COL,72302226.0
Colombia,335,COL,371012134.0
Colombia,3361MV,COL,47501815.0
Colombia,3364OT,COL,7149737.0
Colombia,337,COL,63306171.0
Colombia,339,COL,375318934.0
Colombia,Other,COL,806686621.0
Cook Islands,315AL,COK,15739.0
Cook Islands,323,COK,8808.0
Cook Islands,326,COK,800.0
Cook Islands,327,COK,2655.0
Cook Islands,332,COK,3002.0
Cook Islands,333,COK,25057.0
Cook Islands,334,COK,53933.0
Cook Islands,335,COK,40164.0
Cook Islands,3361MV,COK,12159.0
Cook Islands,339,COK,18257.0
Cook Islands,Other,COK,711545.0
Costa Rica,111CA,CRI,1628991393.0
Costa Rica,113FF,CRI,54682061.0
Costa Rica,212,CRI,5736127.0
Costa Rica,311FT,CRI,514157651.0
Costa Rica,313TT,CRI,16801791.0
Costa Rica,315AL,CRI,26325074.0
Costa Rica,321,CRI,2901810.0
Costa Rica,322,CRI,10192502.0
Costa Rica,323,CRI,4767604.0
Costa Rica,324,CRI,174436.0
Costa Rica,325,CRI,54273537.0
Costa Rica,326,CRI,308472221.0
Costa Rica,327,CRI,26931550.0
Costa Rica,331,CRI,109088919.0
Costa Rica,332,CRI,45028653.0
Costa Rica,333,CRI,39018864.0
Costa Rica,334,CRI,2979534660.0
Costa Rica,335,CRI,305635869.0
Costa Rica,3361MV,CRI,97419887.0
Costa Rica,3364OT,CRI,6027678.0
Costa Rica,337,CRI,23790100.0
Costa Rica,339,CRI,4302594793.0
Costa Rica,Other,CRI,1072358151.0
Croatia,111CA,HRV,3480640.0
Croatia,113FF,HRV,1203639.0
Croatia,212,HRV,52490.0
Croatia,311FT,HRV,90390795.0
Croatia,313TT,HRV,600398.0
Croatia,315AL,HRV,19251141.0
Croatia,321,HRV,5050611.0
Croatia,322,HRV,388662.0
Croatia,323,HRV,719877.0
Croatia,325,HRV,374919541.0
Croatia,326,HRV,11734284.0
Croatia,327,HRV,12790101.0
Croatia,331,HRV,3362152.0
Croatia,332,HRV,128329312.0
Croatia,333,HRV,108894155.0
Croatia,334,HRV,39039448.0
Croatia,335,HRV,159124365.0
Croatia,3361MV,HRV,12741573.0
Croatia,3364OT,HRV,6258154.0
Croatia,337,HRV,3196218.0
Croatia,339,HRV,5362532.0
Croatia,Other,HRV,13980749.0
Cuba,326,CUB,3423.0
Cuba,339,CUB,5672.0
Cuba,Other,CUB,4860777.0
Curacao,311FT,CUW,194080.0
Curacao,324,CUW,9548021.0
Curacao,325,CUW,135816.0
Curacao,326,CUW,29969.0
Curacao,331,CUW,699490.0
Curacao,332,CUW,165116.0
Curacao,333,CUW,266799.0
Curacao,334,CUW,1579097.0
Curacao,335,CUW,3712458.0
Curacao,3361MV,CUW,22679.0
Curacao,3364OT,CUW,793792.0
Curacao,339,CUW,40226.0
Curacao,Other,CUW,14748402.0
Cyprus,111CA,CYP,134918.0
Cyprus,113FF,CYP,1335589.0
Cyprus,212,CYP,2089482.0
Cyprus,311FT,CYP,15677136.0
Cyprus,313TT,CYP,21801.0
Cyprus,315AL,CYP,27896.0
Cyprus,322,CYP,124057.0
Cyprus,323,CYP,184262.0
Cyprus,324,CYP,54434.0
Cyprus,325,CYP,1266772.0
Cyprus,326,CYP,662280.0
Cyprus,327,CYP,17439.0
Cyprus,332,CYP,1033276.0
Cyprus,333,CYP,5584026.0
Cyprus,334,CYP,20382931.0
Cyprus,335,CYP,330364.0
Cyprus,3361MV,CYP,664971.0
Cyprus,3364OT,CYP,128174.0
Cyprus,337,CYP,81133.0
Cyprus,339,CYP,1320431.0
Cyprus,Other,CYP,7738937.0
Czech Republic,111CA,CZE,7892047.0
Czech Republic,113FF,CZE,178335.0
Czech Republic,211,CZE,586512.0
Czech Republic,212,CZE,307448.0
Czech Republic,311FT,CZE,123330062.0
Czech Republic,313TT,CZE,71266567.0
Czech Republic,315AL,CZE,13708864.0
Czech Republic,321,CZE,46096306.0
Czech Republic,322,CZE,102554742.0
Czech Republic,323,CZE,6209654.0
Czech Republic,324,CZE,58870.0
Czech Republic,325,CZE,459769464.0
Czech Republic,326,CZE,471831963.0
Czech Republic,327,CZE,116710477.0
Czech Republic,331,CZE,193468130.0
Czech Republic,332,CZE,585193024.0
Czech Republic,333,CZE,1396171797.0
Czech Republic,334,CZE,1786012965.0
Czech Republic,335,CZE,799941047.0
Czech Republic,3361MV,CZE,836863118.0
Czech Republic,3364OT,CZE,260365927.0
Czech Republic,337,CZE,59426248.0
Czech Republic,339,CZE,311034390.0
Czech Republic,Other,CZE,432930382.0
Denmark,111CA,DNK,99550144.0
Denmark,113FF,DNK,36066449.0
Denmark,212,DNK,3829567.0
Denmark,311FT,DNK,618794233.0
Denmark,313TT,DNK,28846072.0
Denmark,315AL,DNK,9956164.0
Denmark,321,DNK,11719427.0
Denmark,322,DNK,37380481.0
Denmark,323,DNK,5995050.0
Denmark,324,DNK,61832851.0
Denmark,325,DNK,3649799395.0
Denmark,326,DNK,136121780.0
Denmark,327,DNK,70778376.0
Denmark,331,DNK,23041111.0
Denmark,332,DNK,537865965.0
Denmark,333,DNK,1513334642.0
Denmark,334,DNK,1678924774.0
Denmark,335,DNK,266807747.0
Denmark,3361MV,DNK,122005555.0
Denmark,3364OT,DNK,89924951.0
Denmark,337,DNK,101427585.0
Denmark,339,DNK,506268876.0
Denmark,Other,DNK,430151029.0
Dominica,111CA,DMA,35007.0
Dominica,113FF,DMA,4973.0
Dominica,311FT,DMA,112323.0
Dominica,315AL,DMA,24957.0
Dominica,321,DMA,4381.0
Dominica,325,DMA,288495.0
Dominica,326,DMA,4094.0
Dominica,327,DMA,6519.0
Dominica,332,DMA,20520.0
Dominica,333,DMA,2928.0
Dominica,334,DMA,40092.0
Dominica,335,DMA,75393.0
Dominica,339,DMA,438820.0
Dominica,Other,DMA,1247693.0
Dominican Republic,111CA,DOM,373822169.0
Dominican Republic,113FF,DOM,2400809.0
Dominican Republic,211,DOM,653106.0
Dominican Republic,212,DOM,7500082.0
Dominican Republic,311FT,DOM,1476074946.0
Dominican Republic,313TT,DOM,71720477.0
Dominican Republic,315AL,DOM,756698499.0
Dominican Republic,321,DOM,1492561.0
Dominican Republic,322,DOM,89454870.0
Dominican Republic,323,DOM,2737291.0
Dominican Republic,324,DOM,270848.0
Dominican Republic,325,DOM,87689370.0
Dominican Republic,326,DOM,265542940.0
Dominican Republic,327,DOM,16172109.0
Dominican Republic,331,DOM,245517299.0
Dominican Republic,332,DOM,96032646.0
Dominican Republic,333,DOM,153166753.0
Dominican Republic,334,DOM,721869581.0
Dominican Republic,335,DOM,994511949.0
Dominican Republic,3361MV,DOM,39082255.0
Dominican Republic,3364OT,DOM,2054823.0
Dominican Republic,337,DOM,35248135.0
Dominican Republic,339,DOM,1717291928.0
Dominican Republic,Other,DOM,348425392.0
Ecuador,111CA,ECU,2927466987.0
Ecuador,113FF,ECU,210249086.0
Ecuador,211,ECU,3546724671.0
Ecuador,212,ECU,61985.0
Ecuador,311FT,ECU,571123901.0
Ecuador,313TT,ECU,2043389.0
Ecuador,315AL,ECU,9011607.0
Ecuador,321,ECU,112601031.0
Ecuador,322,ECU,6410424.0
Ecuador,323,ECU,6496037.0
Ecuador,324,ECU,62520536.0
Ecuador,325,ECU,7021296.0
Ecuador,326,ECU,42341223.0
Ecuador,327,ECU,11773843.0
Ecuador,331,ECU,476167956.0
Ecuador,332,ECU,7544561.0
Ecuador,333,ECU,12680225.0
Ecuador,334,ECU,2191462.0
Ecuador,335,ECU,69362734.0
Ecuador,3361MV,ECU,1413542.0
Ecuador,3364OT,ECU,750174.0
Ecuador,337,ECU,7836446.0
Ecuador,339,ECU,10336061.0
Ecuador,Other,ECU,420177086.0
El Salvador,111CA,SLV,84628164.0
El Salvador,113FF,SLV,1715402.0
El Salvador,311FT,SLV,326222717.0
El Salvador,313TT,SLV,57253869.0
El Salvador,315AL,SLV,1343671215.0
El Salvador,321,SLV,1106134.0
El Salvador,322,SLV,8665766.0
El Salvador,323,SLV,5727569.0
El Salvador,324,SLV,1279381.0
El Salvador,325,SLV,25974424.0
El Salvador,326,SLV,24687919.0
El Salvador,327,SLV,38023359.0
El Salvador,331,SLV,9151320.0
El Salvador,332,SLV,11220461.0
El Salvador,333,SLV,11235352.0
El Salvador,334,SLV,33995502.0
El Salvador,335,SLV,19045494.0
El Salvador,3361MV,SLV,64977930.0
El Salvador,3364OT,SLV,9783003.0
El Salvador,337,SLV,4586194.0
El Salvador,339,SLV,15837676.0
El Salvador,Other,SLV,212423940.0
Estonia,111CA,EST,2251751.0
Estonia,113FF,EST,5334180.0
Estonia,212,EST,7368885.0
Estonia,311FT,EST,19726923.0
Estonia,313TT,EST,7193400.0
Estonia,315AL,EST,2657268.0
Estonia,321,EST,74977742.0
Estonia,322,EST,493184.0
Estonia,323,EST,585992.0
Estonia,324,EST,57896.0
Estonia,325,EST,72035214.0
Estonia,326,EST,11081570.0
Estonia,327,EST,1141308.0
Estonia,331,EST,11174891.0
Estonia,332,EST,11838047.0
Estonia,333,EST,92007333.0
Estonia,334,EST,554378621.0
Estonia,335,EST,72592764.0
Estonia,3361MV,EST,11945557.0
Estonia,3364OT,EST,3425102.0
Estonia,337,EST,36627130.0
Estonia,339,EST,39296280.0
Estonia,Other,EST,27212942.0
Falkland Islands (Islas Malvinas),113FF,FLK,19743512.0
Falkland Islands (Islas Malvinas),326,FLK,3262.0
Falkland Islands (Islas Malvinas),333,FLK,2455270.0
Falkland Islands (Islas Malvinas),334,FLK,2580.0
Falkland Islands (Islas Malvinas),335,FLK,2995.0
Falkland Islands (Islas Malvinas),337,FLK,3764.0
Falkland Islands (Islas Malvinas),339,FLK,4518.0
Falkland Islands (Islas Malvinas),Other,FLK,540760.0
Faroe Islands,111CA,FRO,204403089.0
Faroe Islands,113FF,FRO,41800676.0
Faroe Islands,311FT,FRO,1954332.0
Faroe Islands,313TT,FRO,10024.0
Faroe Islands,315AL,FRO,3530.0
Faroe Islands,322,FRO,13223.0
Faroe Islands,323,FRO,41481.0
Faroe Islands,326,FRO,292705.0
Faroe Islands,333,FRO,128287.0
Faroe Islands,334,FRO,128194.0
Faroe Islands,335,FRO,76884.0
Faroe Islands,3361MV,FRO,49401.0
Faroe Islands,337,FRO,32098.0
Faroe Islands,339,FRO,30755.0
Faroe Islands,Other,FRO,487853.0
Fiji,111CA,FJI,14709477.0
Fiji,113FF,FJI,8019952.0
Fiji,311FT,FJI,220387421.0
Fiji,313TT,FJI,223493.0
Fiji,315AL,FJI,159467.0
Fiji,321,FJI,6858143.0
Fiji,322,FJI,20151.0
Fiji,323,FJI,12371.0
Fiji,325,FJI,1704822.0
Fiji,326,FJI,57297.0
Fiji,332,FJI,132725.0
Fiji,333,FJI,22970.0
Fiji,334,FJI,99842.0
Fiji,335,FJI,2968.0
Fiji,3361MV,FJI,7551.0
Fiji,3364OT,FJI,105396.0
Fiji,337,FJI,51389.0
Fiji,339,FJI,976394.0
Fiji,Other,FJI,5720644.0
Finland,111CA,FIN,450750.0
Finland,113FF,FIN,1700753.0
Finland,212,FIN,2722585.0
Finland,311FT,FIN,33521073.0
Finland,313TT,FIN,35700272.0
Finland,315AL,FIN,2739641.0
Finland,321,FIN,101600936.0
Finland,322,FIN,1162081869.0
Finland,323,FIN,2889684.0
Finland,324,FIN,797214869.0
Finland,325,FIN,1889990738.0
Finland,326,FIN,104109136.0
Finland,327,FIN,71902847.0
Finland,331,FIN,444340287.0
Finland,332,FIN,171382527.0
Finland,333,FIN,1292360383.0
Finland,334,FIN,650177090.0
Finland,335,FIN,540591808.0
Finland,3361MV,FIN,217107833.0
Finland,3364OT,FIN,156328875.0
Finland,337,FIN,50932136.0
Finland,339,FIN,160021682.0
Finland,Other,FIN,139648936.0
France,111CA,FRA,110619327.0
France,113FF,FRA,198517105.0
France,211,FRA,1312941.0
France,212,FRA,14651139.0
France,311FT,FRA,6532988018.0
France,313TT,FRA,201267091.0
France,315AL,FRA,1737291108.0
France,321,FRA,304106070.0
France,322,FRA,328134773.0
France,323,FRA,62888059.0
France,324,FRA,895057386.0
France,325,FRA,12499007463.0
France,326,FRA,805466543.0
France,327,FRA,442238177.0
France,331,FRA,1217928155.0
France,332,FRA,1670478808.0
France,333,FRA,4721635238.0
France,334,FRA,3041712177.0
France,335,FRA,1979075600.0
France,3361MV,FRA,1197487515.0
France,3364OT,FRA,11468161059.0
France,337,FRA,244595057.0
France,339,FRA,3567196511.0
France,Other,FRA,6661452631.0
French Guiana,113FF,GUF,1535137.0
French Guiana,315AL,GUF,613.0
French Guiana,326,GUF,5585.0
French Guiana,332,GUF,192481.0
French Guiana,333,GUF,27248.0
French Guiana,334,GUF,13414.0
French Guiana,335,GUF,7540.0
French Guiana,3364OT,GUF,4460.0
French Guiana,Other,GUF,34651.0
French Polynesia,111CA,PYF,1037685.0
French Polynesia,113FF,PYF,17266972.0
French Polynesia,311FT,PYF,953004.0
French Polynesia,313TT,PYF,16442.0
French Polynesia,315AL,PYF,26844.0
French Polynesia,322,PYF,2191.0
French Polynesia,323,PYF,4127.0
French Polynesia,325,PYF,1421064.0
French Polynesia,326,PYF,41821.0
French Polynesia,327,PYF,43989.0
French Polynesia,332,PYF,37552.0
French Polynesia,333,PYF,129662.0
French Polynesia,334,PYF,306964.0
French Polynesia,335,PYF,225557.0
French Polynesia,3361MV,PYF,645189.0
French Polynesia,3364OT,PYF,255028.0
French Polynesia,337,PYF,28181.0
French Polynesia,339,PYF,6676961.0
French Polynesia,Other,PYF,11304037.0
Gaza Strip Administered by Israel,331,ISR,183645.0
Gaza Strip Administered by Israel,334,ISR,20991.0
Gaza Strip Administered by Israel,Other,ISR,234.0
Georgia,111CA,GEO,90325.0
Georgia,113FF,GEO,218428.0
Georgia,212,GEO,4412.0
Georgia,311FT,GEO,19087457.0
Georgia,313TT,GEO,405446.0
Georgia,315AL,GEO,5523296.0
Georgia,321,GEO,1934939.0
Georgia,322,GEO,116911.0
Georgia,323,GEO,201408.0
Georgia,325,GEO,11391366.0
Georgia,326,GEO,1647755.0
Georgia,327,GEO,168089.0
Georgia,331,GEO,102825304.0
Georgia,332,GEO,1246507.0
Georgia,333,GEO,3213900.0
Georgia,334,GEO,1431322.0
Georgia,335,GEO,811222.0
Georgia,3361MV,GEO,7027370.0
Georgia,3364OT,GEO,254793.0
Georgia,337,GEO,364427.0
Georgia,339,GEO,223550.0
Georgia,Other,GEO,7225944.0
Germany,111CA,DEU,402710808.0
Germany,113FF,DEU,49028743.0
Germany,211,DEU,199557.0
Germany,212,DEU,16593264.0
Germany,311FT,DEU,2302056275.0
Germany,313TT,DEU,547150048.0
Germany,315AL,DEU,482230509.0
Germany,321,DEU,756473688.0
Germany,322,DEU,1097351124.0
Germany,323,DEU,146538745.0
Germany,324,DEU,535050360.0
Germany,325,DEU,28287525131.0
Germany,326,DEU,2365248471.0
Germany,327,DEU,1226770853.0
Germany,331,DEU,4600200328.0
Germany,332,DEU,6224636547.0
Germany,333,DEU,29874648232.0
Germany,334,DEU,13312141057.0
Germany,335,DEU,7561223393.0
Germany,3361MV,DEU,33293271376.0
Germany,3364OT,DEU,9026800194.0
Germany,337,DEU,568055108.0
Germany,339,DEU,5320549470.0
Germany,Other,DEU,12440094647.0
Gibraltar,313TT,GIB,3343.0
Gibraltar,315AL,GIB,10890.0
Gibraltar,323,GIB,2656.0
Gibraltar,333,GIB,18285.0
Gibraltar,334,GIB,3107.0
Gibraltar,335,GIB,23223.0
Gibraltar,3364OT,GIB,145268.0
Gibraltar,337,GIB,1735.0
Gibraltar,Other,GIB,222672.0
Greece,111CA,GRC,58060460.0
Greece,113FF,GRC,42531371.0
Greece,212,GRC,28874300.0
Greece,311FT,GRC,770684411.0
Greece,313TT,GRC,18237788.0
Greece,315AL,GRC,20567290.0
Greece,321,GRC,2519248.0
Greece,322,GRC,18483479.0
Greece,323,GRC,2415129.0
Greece,324,GRC,75820811.0
Greece,325,GRC,152773991.0
Greece,326,GRC,53979451.0
Greece,327,GRC,142521176.0
Greece,331,GRC,262267623.0
Greece,332,GRC,159322480.0
Greece,333,GRC,46114833.0
Greece,334,GRC,72223502.0
Greece,335,GRC,110059472.0
Greece,3361MV,GRC,7338550.0
Greece,3364OT,GRC,33734246.0
Greece,337,GRC,9159008.0
Greece,339,GRC,20685210.0
Greece,Other,GRC,135236463.0
Greenland,113FF,GRL,31339026.0
Greenland,311FT,GRL,16490.0
Greenland,315AL,GRL,2430.0
Greenland,325,GRL,76309.0
Greenland,326,GRL,23642.0
Greenland,333,GRL,7186.0
Greenland,334,GRL,96797.0
Greenland,3364OT,GRL,5832.0
Greenland,337,GRL,3355.0
Greenland,339,GRL,35396.0
Greenland,Other,GRL,979018.0
Grenada,111CA,GRD,590117.0
Grenada,113FF,GRD,7110119.0
Grenada,311FT,GRD,3046319.0
Grenada,315AL,GRD,17482.0
Grenada,325,GRD,2109.0
Grenada,326,GRD,31848.0
Grenada,332,GRD,11942.0
Grenada,333,GRD,18196.0
Grenada,334,GRD,48173.0
Grenada,335,GRD,68510.0
Grenada,3364OT,GRD,6319.0
Grenada,337,GRD,400.0
Grenada,339,GRD,5012.0
Grenada,Other,GRD,3118272.0
Guadeloupe,311FT,GLP,60208.0
Guadeloupe,313TT,GLP,3516.0
Guadeloupe,315AL,GLP,89500.0
Guadeloupe,323,GLP,45750.0
Guadeloupe,325,GLP,2823.0
Guadeloupe,326,GLP,4592.0
Guadeloupe,327,GLP,6340.0
Guadeloupe,331,GLP,3626.0
Guadeloupe,332,GLP,123775.0
Guadeloupe,333,GLP,81349.0
Guadeloupe,334,GLP,308043.0
Guadeloupe,335,GLP,72735.0
Guadeloupe,3361MV,GLP,6976.0
Guadeloupe,3364OT,GLP,357429.0
Guadeloupe,337,GLP,80797.0
Guadeloupe,339,GLP,94239.0
Guadeloupe,Other,GLP,2085963.0
Guatemala,111CA,GTM,2186100914.0
Guatemala,113FF,GTM,40932873.0
Guatemala,211,GTM,74249744.0
Guatemala,212,GTM,71769.0
Guatemala,311FT,GTM,688260417.0
Guatemala,313TT,GTM,28267903.0
Guatemala,315AL,GTM,1679879834.0
Guatemala,321,GTM,26837355.0
Guatemala,322,GTM,2973852.0
Guatemala,323,GTM,331529.0
Guatemala,324,GTM,5985.0
Guatemala,325,GTM,29071554.0
Guatemala,326,GTM,31198792.0
Guatemala,327,GTM,1616396.0
Guatemala,331,GTM,22085096.0
Guatemala,332,GTM,1301501.0
Guatemala,333,GTM,18206392.0
Guatemala,334,GTM,5905660.0
Guatemala,335,GTM,2896628.0
Guatemala,3361MV,GTM,40613486.0
Guatemala,3364OT,GTM,8396.0
Guatemala,337,GTM,3769881.0
Guatemala,339,GTM,41451014.0
Guatemala,Other,GTM,93855441.0
Guyana,111CA,GUY,1016890.0
Guyana,113FF,GUY,19491731.0
Guyana,211,GUY,5188252491.0
Guyana,212,GUY,37401991.0
Guyana,311FT,GUY,26563767.0
Guyana,315AL,GUY,4801.0
Guyana,321,GUY,5943442.0
Guyana,323,GUY,19618.0
Guyana,325,GUY,523251.0
Guyana,326,GUY,22438.0
Guyana,331,GUY,15658602.0
Guyana,332,GUY,423022.0
Guyana,333,GUY,1729256.0
Guyana,334,GUY,663829.0
Guyana,335,GUY,8713.0
Guyana,3361MV,GUY,104594.0
Guyana,3364OT,GUY,302108.0
Guyana,337,GUY,47605.0
Guyana,339,GUY,1358976.0
Guyana,Other,GUY,75951535.0
Haiti,111CA,HTI,2027189.0
Haiti,113FF,HTI,106447.0
Haiti,212,HTI,38456.0
Haiti,311FT,HTI,8785578.0
Haiti,313TT,HTI,6985470.0
Haiti,315AL,HTI,579191043.0
Haiti,321,HTI,34131.0
Haiti,322,HTI,1034.0
Haiti,323,HTI,234007.0
Haiti,325,HTI,5889517.0
Haiti,326,HTI,196453.0
Haiti,327,HTI,45374.0
Haiti,332,HTI,237077.0
Haiti,333,HTI,18020.0
Haiti,334,HTI,1027330.0
Haiti,335,HTI,133051.0
Haiti,3361MV,HTI,167042.0
Haiti,337,HTI,70060.0
Haiti,339,HTI,5698554.0
Haiti,Other,HTI,5884952.0
Heard and McDonald Islands,334,HMD,3469.0
Heard and McDonald Islands,335,HMD,4252.0
Heard and McDonald Islands,3361MV,HMD,3428.0
Heard and McDonald Islands,Other,HMD,2440.0
Honduras,111CA,HND,856895261.0
Honduras,113FF,HND,102110896.0
Honduras,212,HND,25736155.0
Honduras,311FT,HND,413699549.0
Honduras,313TT,HND,27178086.0
Honduras,315AL,HND,2430348787.0
Honduras,321,HND,8755496.0
Honduras,322,HND,7314468.0
Honduras,323,HND,1957196.0
Honduras,325,HND,29259303.0
Honduras,326,HND,28142636.0
Honduras,327,HND,7903477.0
Honduras,331,HND,235721244.0
Honduras,332,HND,11257066.0
Honduras,333,HND,973095.0
Honduras,334,HND,2461649.0
Honduras,335,HND,50925771.0
Honduras,3361MV,HND,1096150293.0
Honduras,3364OT,HND,177107.0
Honduras,337,HND,22674660.0
Honduras,339,HND,25026644.0
Honduras,Other,HND,147892882.0
Hong Kong,111CA,HKG,11764427.0
Hong Kong,113FF,HKG,11016350.0
Hong Kong,211,HKG,180850.0
Hong Kong,212,HKG,28717.0
Hong Kong,311FT,HKG,106308550.0
Hong Kong,313TT,HKG,8892938.0
Hong Kong,315AL,HKG,84938418.0
Hong Kong,321,HKG,1849774.0
Hong Kong,322,HKG,9849226.0
Hong Kong,323,HKG,25982299.0
Hong Kong,324,HKG,1834385.0
Hong Kong,325,HKG,35212874.0
Hong Kong,326,HKG,35472186.0
Hong Kong,327,HKG,10829684.0
Hong Kong,331,HKG,1257321100.0
Hong Kong,332,HKG,27996474.0
Hong Kong,333,HKG,30332937.0
Hong Kong,334,HKG,304394400.0
Hong Kong,335,HKG,52942714.0
Hong Kong,3361MV,HKG,11874709.0
Hong Kong,3364OT,HKG,14359710.0
Hong Kong,337,HKG,8591576.0
Hong Kong,339,HKG,1193907800.0
Hong Kong,Other,HKG,2727018356.0
Hungary,111CA,HUN,11764269.0
Hungary,113FF,HUN,513364.0
Hungary,212,HUN,396562.0
Hungary,311FT,HUN,59334568.0
Hungary,313TT,HUN,29031723.0
Hungary,315AL,HUN,46975366.0
Hungary,321,HUN,6294925.0
Hungary,322,HUN,23307111.0
Hungary,323,HUN,1666039.0
Hungary,324,HUN,286748.0
Hungary,325,HUN,4613218704.0
Hungary,326,HUN,196944904.0
Hungary,327,HUN,58433368.0
Hungary,331,HUN,37533329.0
Hungary,332,HUN,378611551.0
Hungary,333,HUN,931168516.0
Hungary,334,HUN,1257309133.0
Hungary,335,HUN,1979906527.0
Hungary,3361MV,HUN,2304091989.0
Hungary,3364OT,HUN,36975144.0
Hungary,337,HUN,19670652.0
Hungary,339,HUN,298665066.0
Hungary,Other,HUN,411831897.0
Iceland,111CA,ISL,53504049.0
Iceland,113FF,ISL,296755972.0
Iceland,212,ISL,2872967.0
Iceland,311FT,ISL,65580145.0
Iceland,313TT,ISL,1212386.0
Iceland,315AL,ISL,132395.0
Iceland,321,ISL,28775.0
Iceland,322,ISL,66077.0
Iceland,323,ISL,368923.0
Iceland,325,ISL,294151682.0
Iceland,326,ISL,1519119.0
Iceland,327,ISL,159639.0
Iceland,331,ISL,32564059.0
Iceland,332,ISL,768123.0
Iceland,333,ISL,12007254.0
Iceland,334,ISL,25701603.0
Iceland,335,ISL,2680829.0
Iceland,3361MV,ISL,202718.0
Iceland,3364OT,ISL,707404.0
Iceland,337,ISL,187057.0
Iceland,339,ISL,261854593.0
Iceland,Other,ISL,19601068.0
India,111CA,IND,2385541638.0
India,113FF,IND,920475189.0
India,212,IND,80572219.0
India,311FT,IND,2373992654.0
India,313TT,IND,5634135384.0
India,315AL,IND,5900749264.0
India,321,IND,303032542.0
India,322,IND,468260727.0
India,323,IND,195335005.0
India,324,IND,3107970114.0
India,325,IND,18222657806.0
India,326,IND,1853759386.0
India,327,IND,1553109617.0
India,331,IND,1965580769.0
India,332,IND,3915035860.0
India,333,IND,5831298927.0
India,334,IND,11664046624.0
India,335,IND,3118997771.0
India,3361MV,IND,2499797467.0
India,3364OT,IND,653268420.0
India,337,IND,803798805.0
India,339,IND,12485944292.0
India,Other,IND,1479088098.0
Indonesia,111CA,IDN,1001562827.0
Indonesia,113FF,IDN,1391981370.0
Indonesia,212,IDN,1253722.0
Indonesia,311FT,IDN,3611310666.0
Indonesia,313TT,IDN,190442098.0
Indonesia,315AL,IDN,7592400420.0
Indonesia,321,IDN,730733489.0
Indonesia,322,IDN,502592449.0
Indonesia,323,IDN,15895928.0
Indonesia,324,IDN,47557241.0
Indonesia,325,IDN,1674721377.0
Indonesia,326,IDN,1117313950.0
Indonesia,327,IDN,161949077.0
Indonesia,331,IDN,297889966.0
Indonesia,332,IDN,250638551.0
Indonesia,333,IDN,391531478.0
Indonesia,334,IDN,2232260695.0
Indonesia,335,IDN,3107936862.0
Indonesia,3361MV,IDN,385115295.0
Indonesia,3364OT,IDN,152717745.0
Indonesia,337,IDN,1422634241.0
Indonesia,339,IDN,1544643480.0
Indonesia,Other,IDN,259654957.0
Iran,111CA,IRN,26356.0
Iran,311FT,IRN,1134105.0
Iran,313TT,IRN,1561.0
Iran,323,IRN,356716.0
Iran,325,IRN,5729.0
Iran,326,IRN,504.0
Iran,Other,IRN,4693520.0
Iraq,111CA,IRQ,4320.0
Iraq,113FF,IRQ,6605.0
Iraq,211,IRQ,5650768158.0
Iraq,311FT,IRQ,1809518.0
Iraq,313TT,IRQ,32702.0
Iraq,315AL,IRQ,15278.0
Iraq,322,IRQ,24516.0
Iraq,323,IRQ,13573837.0
Iraq,324,IRQ,1725510927.0
Iraq,325,IRQ,22101.0
Iraq,326,IRQ,1025.0
Iraq,327,IRQ,6774.0
Iraq,332,IRQ,13224.0
Iraq,333,IRQ,455684.0
Iraq,334,IRQ,159096.0
Iraq,335,IRQ,26473.0
Iraq,3361MV,IRQ,188330.0
Iraq,339,IRQ,8550.0
Iraq,Other,IRQ,29648263.0
Ireland,111CA,IRL,131194581.0
Ireland,113FF,IRL,1977714.0
Ireland,211,IRL,31642.0
Ireland,212,IRL,55422348.0
Ireland,311FT,IRL,1727110055.0
Ireland,313TT,IRL,17986352.0
Ireland,315AL,IRL,6155654.0
Ireland,321,IRL,11267825.0
Ireland,322,IRL,27753925.0
Ireland,323,IRL,11084369.0
Ireland,324,IRL,12235.0
Ireland,325,IRL,80403395127.0
Ireland,326,IRL,282140957.0
Ireland,327,IRL,23057063.0
Ireland,331,IRL,10799805.0
Ireland,332,IRL,71200124.0
Ireland,333,IRL,810718827.0
Ireland,334,IRL,4915512158.0
Ireland,335,IRL,459756283.0
Ireland,3361MV,IRL,24943988.0
Ireland,3364OT,IRL,37069004.0
Ireland,337,IRL,9937262.0
Ireland,339,IRL,6787200082.0
Ireland,Other,IRL,7460526044.0
Israel,111CA,ISR,102920037.0
Israel,113FF,ISR,5096853.0
Israel,212,ISR,13616591.0
Israel,311FT,ISR,408480380.0
Israel,313TT,ISR,246032223.0
Israel,315AL,ISR,77635016.0
Israel,321,ISR,3629885.0
Israel,322,ISR,94314206.0
Israel,323,ISR,27103233.0
Israel,324,ISR,195308656.0
Israel,325,ISR,3094465624.0
Israel,326,ISR,615857667.0
Israel,327,ISR,84084736.0
Israel,331,ISR,134587616.0
Israel,332,ISR,441645407.0
Israel,333,ISR,1374160691.0
Israel,334,ISR,7780427820.0
Israel,335,ISR,394184612.0
Israel,3361MV,ISR,85151213.0
Israel,3364OT,ISR,661683149.0
Israel,337,ISR,49587288.0
Israel,339,ISR,5288289567.0
Israel,Other,ISR,1039222379.0
Italy,111CA,ITA,124945450.0
Italy,113FF,ITA,74734759.0
Italy,211,ITA,106444.0
Italy,212,ITA,24778123.0
Italy,311FT,ITA,8396053194.0
Italy,313TT,ITA,543932804.0
Italy,315AL,ITA,5977215513.0
Italy,321,ITA,168597133.0
Italy,322,ITA,299039535.0
Italy,323,ITA,191342783.0
Italy,324,ITA,993080652.0
Italy,325,ITA,15915254083.0
Italy,326,ITA,940109943.0
Italy,327,ITA,1667381113.0
Italy,331,ITA,1584751283.0
Italy,332,ITA,3585761418.0
Italy,333,ITA,12145197692.0
Italy,334,ITA,2474847958.0
Italy,335,ITA,2585412346.0
Italy,3361MV,ITA,4632065078.0
Italy,3364OT,ITA,2630437175.0
Italy,337,ITA,1765147242.0
Italy,339,ITA,4219612151.0
Italy,Other,ITA,5426684319.0
Jamaica,111CA,JAM,50050231.0
Jamaica,113FF,JAM,8484852.0
Jamaica,212,JAM,58684619.0
Jamaica,311FT,JAM,142189337.0
Jamaica,313TT,JAM,133515.0
Jamaica,315AL,JAM,211383.0
Jamaica,321,JAM,108557.0
Jamaica,322,JAM,13134.0
Jamaica,323,JAM,29669.0
Jamaica,324,JAM,9451587.0
Jamaica,325,JAM,28149074.0
Jamaica,326,JAM,1252121.0
Jamaica,327,JAM,3000.0
Jamaica,331,JAM,31791189.0
Jamaica,332,JAM,154566.0
Jamaica,333,JAM,242910.0
Jamaica,334,JAM,1077469.0
Jamaica,335,JAM,1178584.0
Jamaica,3361MV,JAM,109366.0
Jamaica,3364OT,JAM,21109.0
Jamaica,337,JAM,630.0
Jamaica,339,JAM,145823.0
Jamaica,Other,JAM,27889854.0
Japan,111CA,JPN,43571209.0
Japan,113FF,JPN,263976186.0
Japan,211,JPN,2950.0
Japan,212,JPN,11623113.0
Japan,311FT,JPN,1236741857.0
Japan,313TT,JPN,502187598.0
Japan,315AL,JPN,113759721.0
Japan,321,JPN,37753358.0
Japan,322,JPN,280174514.0
Japan,323,JPN,222466458.0
Japan,324,JPN,451765067.0
Japan,325,JPN,17767504367.0
Japan,326,JPN,2938183333.0
Japan,327,JPN,1021391772.0
Japan,331,JPN,2816006959.0
Japan,332,JPN,4635405713.0
Japan,333,JPN,28057588687.0
Japan,334,JPN,13837365440.0
Japan,335,JPN,9230037298.0
Japan,3361MV,JPN,51939937446.0
Japan,3364OT,JPN,4817282236.0
Japan,337,JPN,71477120.0
Japan,339,JPN,3067860085.0
Japan,Other,JPN,4844504136.0
Jordan,111CA,JOR,1847247.0
Jordan,113FF,JOR,6437.0
Jordan,212,JOR,66212.0
Jordan,311FT,JOR,46558553.0
Jordan,313TT,JOR,425810.0
Jordan,315AL,JOR,1881457389.0
Jordan,321,JOR,80877.0
Jordan,322,JOR,645180.0
Jordan,323,JOR,834358.0
Jordan,325,JOR,262149530.0
Jordan,326,JOR,1936241.0
Jordan,327,JOR,315877.0
Jordan,331,JOR,4755088.0
Jordan,332,JOR,6070152.0
Jordan,333,JOR,99571199.0
Jordan,334,JOR,908769.0
Jordan,335,JOR,11063402.0
Jordan,3361MV,JOR,17287255.0
Jordan,3364OT,JOR,123924.0
Jordan,337,JOR,877752.0
Jordan,339,JOR,947770449.0
Jordan,Other,JOR,80125592.0
Kazakhstan,111CA,KAZ,3922015.0
Kazakhstan,113FF,KAZ,9296747.0
Kazakhstan,211,KAZ,1147595532.0
Kazakhstan,311FT,KAZ,4158124.0
Kazakhstan,313TT,KAZ,279104.0
Kazakhstan,315AL,KAZ,219851.0
Kazakhstan,321,KAZ,2729365.0
Kazakhstan,322,KAZ,368294.0
Kazakhstan,323,KAZ,17773.0
Kazakhstan,324,KAZ,162805915.0
Kazakhstan,325,KAZ,352780225.0
Kazakhstan,326,KAZ,1772640.0
Kazakhstan,327,KAZ,455799.0
Kazakhstan,331,KAZ,604106757.0
Kazakhstan,332,KAZ,637041.0
Kazakhstan,333,KAZ,4712918.0
Kazakhstan,334,KAZ,1534325.0
Kazakhstan,335,KAZ,756469.0
Kazakhstan,3361MV,KAZ,2236388.0
Kazakhstan,3364OT,KAZ,1312518.0
Kazakhstan,337,KAZ,2292289.0
Kazakhstan,339,KAZ,303866.0
Kazakhstan,Other,KAZ,26455465.0
Kiribati,111CA,KIR,617249.0
Kiribati,113FF,KIR,6932.0
Kiribati,311FT,KIR,40610.0
Kiribati,313TT,KIR,21160.0
Kiribati,315AL,KIR,410.0
Kiribati,335,KIR,4013.0
Kiribati,3361MV,KIR,35207.0
Kiribati,337,KIR,16851.0
Kiribati,Other,KIR,65730.0
"Korea, North",326,PRK,57465.0
"Korea, South",111CA,KOR,108705246.0
"Korea, South",113FF,KOR,155599753.0
"Korea, South",211,KOR,26822258.0
"Korea, South",212,KOR,12766348.0
"Korea, South",311FT,KOR,1598972786.0
"Korea, South",313TT,KOR,731418210.0
"Korea, South",315AL,KOR,238398667.0
"Korea, South",321,KOR,12318477.0
"Korea, South",322,KOR,800497858.0
"Korea, South",323,KOR,113499336.0
"Korea, South",324,KOR,5477125001.0
"Korea, South",325,KOR,12593692096.0
"Korea, South",326,KOR,3210912598.0
"Korea, South",327,KOR,571346701.0
"Korea, South",331,KOR,5384710789.0
"Korea, South",332,KOR,4194792309.0
"Korea, South",333,KOR,14027690191.0
"Korea, South",334,KOR,20233341650.0
"Korea, South",335,KOR,11032681988.0
"Korea, South",3361MV,KOR,46483232344.0
"Korea, South",3364OT,KOR,826896782.0
"Korea, South",337,KOR,269096315.0
"Korea, South",339,KOR,1179193635.0
"Korea, South",Other,KOR,2265475782.0
Kosovo,111CA,XKX,150820.0
Kosovo,212,XKX,6052.0
Kosovo,311FT,XKX,2082322.0
Kosovo,313TT,XKX,1087002.0
Kosovo,315AL,XKX,1239115.0
Kosovo,321,XKX,309447.0
Kosovo,322,XKX,3143.0
Kosovo,324,XKX,23546.0
Kosovo,326,XKX,692171.0
Kosovo,327,XKX,71687.0
Kosovo,332,XKX,8083040.0
Kosovo,333,XKX,190887.0
Kosovo,334,XKX,11900.0
Kosovo,335,XKX,160314.0
Kosovo,3361MV,XKX,303577.0
Kosovo,337,XKX,19322447.0
Kosovo,339,XKX,42762.0
Kosovo,Other,XKX,235714.0
Kuwait,111CA,KWT,167432.0
Kuwait,211,KWT,600892138.0
Kuwait,212,KWT,12797.0
Kuwait,311FT,KWT,1254161.0
Kuwait,313TT,KWT,1098.0
Kuwait,315AL,KWT,70209.0
Kuwait,322,KWT,15583.0
Kuwait,323,KWT,46547.0
Kuwait,324,KWT,956295861.0
Kuwait,325,KWT,24709262.0
Kuwait,326,KWT,192718.0
Kuwait,331,KWT,13826327.0
Kuwait,332,KWT,144223.0
Kuwait,333,KWT,101369.0
Kuwait,334,KWT,1405519.0
Kuwait,335,KWT,14320.0
Kuwait,3361MV,KWT,185803.0
Kuwait,3364OT,KWT,3500.0
Kuwait,337,KWT,1400.0
Kuwait,339,KWT,111435.0
Kuwait,Other,KWT,44154048.0
Kyrgyzstan,111CA,KGZ,281042.0
Kyrgyzstan,311FT,KGZ,1164977.0
Kyrgyzstan,313TT,KGZ,115173.0
Kyrgyzstan,315AL,KGZ,855597.0
Kyrgyzstan,321,KGZ,14291.0
Kyrgyzstan,323,KGZ,111751.0
Kyrgyzstan,325,KGZ,430098.0
Kyrgyzstan,326,KGZ,58732.0
Kyrgyzstan,332,KGZ,1835452.0
Kyrgyzstan,333,KGZ,3815531.0
Kyrgyzstan,334,KGZ,2093325.0
Kyrgyzstan,335,KGZ,60403.0
Kyrgyzstan,3361MV,KGZ,3994446.0
Kyrgyzstan,3364OT,KGZ,3702.0
Kyrgyzstan,337,KGZ,108906.0
Kyrgyzstan,339,KGZ,1273271.0
Kyrgyzstan,Other,KGZ,451673.0
Laos,111CA,LAO,184336.0
Laos,113FF,LAO,830376.0
Laos,212,LAO,21267285.0
Laos,311FT,LAO,472753.0
Laos,313TT,LAO,2088821.0
Laos,315AL,LAO,71863110.0
Laos,321,LAO,501171.0
Laos,322,LAO,163562.0
Laos,323,LAO,7500.0
Laos,325,LAO,792346.0
Laos,326,LAO,4842.0
Laos,327,LAO,36375.0
Laos,331,LAO,18081634.0
Laos,332,LAO,59724.0
Laos,333,LAO,195651.0
Laos,334,LAO,206224711.0
Laos,335,LAO,248294421.0
Laos,3364OT,LAO,74200.0
Laos,337,LAO,72496944.0
Laos,339,LAO,154816951.0
Laos,Other,LAO,4863442.0
Latvia,111CA,LVA,823186.0
Latvia,113FF,LVA,17677257.0
Latvia,212,LVA,16946772.0
Latvia,311FT,LVA,102733810.0
Latvia,313TT,LVA,11407756.0
Latvia,315AL,LVA,2996854.0
Latvia,321,LVA,147185565.0
Latvia,322,LVA,447527.0
Latvia,323,LVA,2576195.0
Latvia,324,LVA,157361.0
Latvia,325,LVA,9476068.0
Latvia,326,LVA,1174186.0
Latvia,327,LVA,21175571.0
Latvia,331,LVA,4848224.0
Latvia,332,LVA,16482517.0
Latvia,333,LVA,99247369.0
Latvia,334,LVA,61961224.0
Latvia,335,LVA,33226973.0
Latvia,3361MV,LVA,6410242.0
Latvia,3364OT,LVA,780257.0
Latvia,337,LVA,21790614.0
Latvia,339,LVA,23663990.0
Latvia,Other,LVA,27535287.0
Lebanon,111CA,LBN,1287576.0
Lebanon,113FF,LBN,43018.0
Lebanon,212,LBN,3000.0
Lebanon,311FT,LBN,66122663.0
Lebanon,313TT,LBN,329369.0
Lebanon,315AL,LBN,12299806.0
Lebanon,321,LBN,1117489.0
Lebanon,322,LBN,243697.0
Lebanon,323,LBN,1338971.0
Lebanon,325,LBN,65092706.0
Lebanon,326,LBN,433891.0
Lebanon,327,LBN,2739656.0
Lebanon,331,LBN,374965.0
Lebanon,332,LBN,3077038.0
Lebanon,333,LBN,6215306.0
Lebanon,334,LBN,8361468.0
Lebanon,335,LBN,2778763.0
Lebanon,3361MV,LBN,1713489.0
Lebanon,337,LBN,3178643.0
Lebanon,339,LBN,72433645.0
Lebanon,Other,LBN,8386828.0
Liechtenstein,113FF,LIE,368202.0
Liechtenstein,313TT,LIE,3262886.0
Liechtenstein,315AL,LIE,10612.0
Liechtenstein,321,LIE,30623.0
Liechtenstein,322,LIE,16110.0
Liechtenstein,323,LIE,20165.0
Liechtenstein,325,LIE,52256798.0
Liechtenstein,326,LIE,495147.0
Liechtenstein,327,LIE,8628253.0
Liechtenstein,331,LIE,39192474.0
Liechtenstein,332,LIE,30943845.0
Liechtenstein,333,LIE,14631419.0
Liechtenstein,334,LIE,25131626.0
Liechtenstein,335,LIE,5670577.0
Liechtenstein,3361MV,LIE,11923075.0
Liechtenstein,337,LIE,52234.0
Liechtenstein,339,LIE,44340591.0
Liechtenstein,Other,LIE,6745883.0
Lithuania,111CA,LTU,11930733.0
Lithuania,113FF,LTU,82960.0
Lithuania,212,LTU,2736885.0
Lithuania,311FT,LTU,71646702.0
Lithuania,313TT,LTU,12128387.0
Lithuania,315AL,LTU,14014908.0
Lithuania,321,LTU,28745026.0
Lithuania,322,LTU,4802033.0
Lithuania,323,LTU,7003744.0
Lithuania,324,LTU,499861553.0
Lithuania,325,LTU,595050436.0
Lithuania,326,LTU,59375112.0
Lithuania,327,LTU,6346797.0
Lithuania,331,LTU,61762324.0
Lithuania,332,LTU,25599931.0
Lithuania,333,LTU,84370287.0
Lithuania,334,LTU,108205154.0
Lithuania,335,LTU,94030118.0
Lithuania,3361MV,LTU,13475378.0
Lithuania,3364OT,LTU,3044127.0
Lithuania,337,LTU,194612124.0
Lithuania,339,LTU,61786890.0
Lithuania,Other,LTU,50952583.0
Luxembourg,111CA,LUX,294707.0
Luxembourg,311FT,LUX,4126037.0
Luxembourg,313TT,LUX,59593407.0
Luxembourg,315AL,LUX,99703.0
Luxembourg,321,LUX,4778383.0
Luxembourg,322,LUX,911979.0
Luxembourg,323,LUX,80838.0
Luxembourg,325,LUX,33190016.0
Luxembourg,326,LUX,37223670.0
Luxembourg,327,LUX,12699862.0
Luxembourg,331,LUX,185679489.0
Luxembourg,332,LUX,103097008.0
Luxembourg,333,LUX,59216941.0
Luxembourg,334,LUX,8046613.0
Luxembourg,335,LUX,9949737.0
Luxembourg,3361MV,LUX,10153441.0
Luxembourg,3364OT,LUX,12827102.0
Luxembourg,337,LUX,79131.0
Luxembourg,339,LUX,958087.0
Luxembourg,Other,LUX,155619825.0
Macau,111CA,MAC,211350.0
Macau,113FF,MAC,64800.0
Macau,311FT,MAC,1786258.0
Macau,313TT,MAC,452737.0
Macau,315AL,MAC,51955281.0
Macau,321,MAC,8161.0
Macau,322,MAC,14552.0
Macau,323,MAC,82611.0
Macau,325,MAC,8226095.0
Macau,326,MAC,96661.0
Macau,327,MAC,210262.0
Macau,332,MAC,4709023.0
Macau,333,MAC,241320.0
Macau,334,MAC,1999593.0
Macau,335,MAC,2440144.0
Macau,3361MV,MAC,114368.0
Macau,337,MAC,3300675.0
Macau,339,MAC,1788577.0
Macau,Other,MAC,31090193.0
Macedonia,111CA,MKD,20620821.0
Macedonia,212,MKD,83752.0
Macedonia,311FT,MKD,13996940.0
Macedonia,313TT,MKD,903094.0
Macedonia,315AL,MKD,3247921.0
Macedonia,321,MKD,15677.0
Macedonia,322,MKD,126337.0
Macedonia,323,MKD,32425.0
Macedonia,325,MKD,501201.0
Macedonia,326,MKD,1555695.0
Macedonia,327,MKD,876063.0
Macedonia,331,MKD,601860.0
Macedonia,332,MKD,7831122.0
Macedonia,333,MKD,2953010.0
Macedonia,334,MKD,7884250.0
Macedonia,335,MKD,17844228.0
Macedonia,3361MV,MKD,75578295.0
Macedonia,3364OT,MKD,139674.0
Macedonia,337,MKD,14190237.0
Macedonia,339,MKD,420357.0
Macedonia,Other,MKD,4307834.0
Malaysia,111CA,MYS,4220653.0
Malaysia,113FF,MYS,85583479.0
Malaysia,211,MYS,8500.0
Malaysia,212,MYS,330745.0
Malaysia,311FT,MYS,1083233696.0
Malaysia,313TT,MYS,50426721.0
Malaysia,315AL,MYS,214045532.0
Malaysia,321,MYS,319515180.0
Malaysia,322,MYS,136815720.0
Malaysia,323,MYS,102763909.0
Malaysia,324,MYS,67329344.0
Malaysia,325,MYS,2885955582.0
Malaysia,326,MYS,722381405.0
Malaysia,327,MYS,311820773.0
Malaysia,331,MYS,457593725.0
Malaysia,332,MYS,625460721.0
Malaysia,333,MYS,2549134881.0
Malaysia,334,MYS,30958160074.0
Malaysia,335,MYS,5171800507.0
Malaysia,3361MV,MYS,280809719.0
Malaysia,3364OT,MYS,677044728.0
Malaysia,337,MYS,1406513848.0
Malaysia,339,MYS,2481136559.0
Malaysia,Other,MYS,1942761954.0
Maldives,111CA,MDV,227412.0
Maldives,113FF,MDV,2550610.0
Maldives,311FT,MDV,802012.0
Maldives,313TT,MDV,3041.0
Maldives,315AL,MDV,10936.0
Maldives,325,MDV,21479.0
Maldives,326,MDV,2394.0
Maldives,332,MDV,3000.0
Maldives,333,MDV,9708.0
Maldives,334,MDV,41237.0
Maldives,3361MV,MDV,193406.0
Maldives,337,MDV,768.0
Maldives,Other,MDV,899286.0
Malta,111CA,MLT,107005.0
Malta,113FF,MLT,166233.0
Malta,311FT,MLT,11643.0
Malta,313TT,MLT,3173245.0
Malta,315AL,MLT,1003415.0
Malta,321,MLT,161196.0
Malta,322,MLT,458311.0
Malta,323,MLT,2175917.0
Malta,325,MLT,14487057.0
Malta,326,MLT,6187017.0
Malta,327,MLT,440183.0
Malta,331,MLT,615022.0
Malta,332,MLT,4541406.0
Malta,333,MLT,13587845.0
Malta,334,MLT,118951898.0
Malta,335,MLT,20575048.0
Malta,3361MV,MLT,3510251.0
Malta,3364OT,MLT,612261.0
Malta,337,MLT,180977.0
Malta,339,MLT,13613610.0
Malta,Other,MLT,15886854.0
Marshall Islands,111CA,MHL,889729.0
Marshall Islands,113FF,MHL,10527083.0
Marshall Islands,212,MHL,22743.0
Marshall Islands,311FT,MHL,6126705.0
Marshall Islands,313TT,MHL,64400.0
Marshall Islands,315AL,MHL,28183.0
Marshall Islands,321,MHL,34100.0
Marshall Islands,325,MHL,18641.0
Marshall Islands,326,MHL,221053.0
Marshall Islands,327,MHL,18004.0
Marshall Islands,331,MHL,53128.0
Marshall Islands,332,MHL,275269.0
Marshall Islands,333,MHL,4000.0
Marshall Islands,334,MHL,7140.0
Marshall Islands,335,MHL,61857.0
Marshall Islands,3361MV,MHL,99570.0
Marshall Islands,337,MHL,113765.0
Marshall Islands,339,MHL,33495.0
Marshall Islands,Other,MHL,1850098.0
Martinique,311FT,MTQ,1016768.0
Martinique,315AL,MTQ,4254.0
Martinique,323,MTQ,12088.0
Martinique,325,MTQ,12424.0
Martinique,326,MTQ,90191.0
Martinique,331,MTQ,53990.0
Martinique,333,MTQ,11890.0
Martinique,334,MTQ,9712.0
Martinique,337,MTQ,1430.0
Martinique,339,MTQ,133651.0
Martinique,Other,MTQ,1461360.0
Mexico,111CA,MEX,21092972272.0
Mexico,113FF,MEX,874260169.0
Mexico,211,MEX,12110468180.0
Mexico,212,MEX,371452416.0
Mexico,311FT,MEX,27194262449.0
Mexico,313TT,MEX,2071044506.0
Mexico,315AL,MEX,5306808706.0
Mexico,321,MEX,553494060.0
Mexico,322,MEX,2029471819.0
Mexico,323,MEX,674956489.0
Mexico,324,MEX,4171256326.0
Mexico,325,MEX,8721956389.0
Mexico,326,MEX,9934122768.0
Mexico,327,MEX,4957698635.0
Mexico,331,MEX,10919571708.0
Mexico,332,MEX,14127649110.0
Mexico,333,MEX,33788532334.0
Mexico,334,MEX,96252634240.0
Mexico,335,MEX,46871568383.0
Mexico,3361MV,MEX,163315163346.0
Mexico,3364OT,MEX,5594234958.0
Mexico,337,MEX,5099979656.0
Mexico,339,MEX,15826669897.0
Mexico,Other,MEX,13990369767.0
Micronesia,111CA,FSM,165577.0
Micronesia,113FF,FSM,21917.0
Micronesia,311FT,FSM,44098.0
Micronesia,313TT,FSM,6942.0
Micronesia,315AL,FSM,27448.0
Micronesia,321,FSM,9867.0
Micronesia,322,FSM,5661.0
Micronesia,323,FSM,5340.0
Micronesia,325,FSM,172540.0
Micronesia,326,FSM,141008.0
Micronesia,327,FSM,34176.0
Micronesia,332,FSM,74604.0
Micronesia,334,FSM,166678.0
Micronesia,335,FSM,15722.0
Micronesia,3361MV,FSM,686.0
Micronesia,337,FSM,65806.0
Micronesia,339,FSM,968910.0
Micronesia,Other,FSM,513110.0
Moldova,111CA,MDA,2634634.0
Moldova,113FF,MDA,254377.0
Moldova,212,MDA,2392.0
Moldova,311FT,MDA,75930803.0
Moldova,313TT,MDA,2030477.0
Moldova,315AL,MDA,22705669.0
Moldova,321,MDA,246091.0
Moldova,322,MDA,1635335.0
Moldova,323,MDA,48907.0
Moldova,325,MDA,5316730.0
Moldova,326,MDA,9050304.0
Moldova,327,MDA,113973.0
Moldova,332,MDA,1500180.0
Moldova,333,MDA,763279.0
Moldova,334,MDA,217847.0
Moldova,335,MDA,4722596.0
Moldova,3361MV,MDA,5995213.0
Moldova,337,MDA,143991.0
Moldova,339,MDA,1187125.0
Moldova,Other,MDA,1995244.0
Monaco,111CA,MCO,38968.0
Monaco,113FF,MCO,83416.0
Monaco,311FT,MCO,178283.0
Monaco,313TT,MCO,91328.0
Monaco,315AL,MCO,537779.0
Monaco,322,MCO,7743.0
Monaco,325,MCO,28840535.0
Monaco,326,MCO,105882.0
Monaco,327,MCO,165550.0
Monaco,332,MCO,458250.0
Monaco,333,MCO,1090814.0
Monaco,334,MCO,1036921.0
Monaco,335,MCO,812635.0
Monaco,3361MV,MCO,365939.0
Monaco,3364OT,MCO,8865.0
Monaco,337,MCO,120943.0
Monaco,339,MCO,5657362.0
Monaco,Other,MCO,7988451.0
Mongolia,111CA,MNG,6622.0
Mongolia,113FF,MNG,14390802.0
Mongolia,212,MNG,708935.0
Mongolia,311FT,MNG,76327.0
Mongolia,313TT,MNG,472827.0
Mongolia,315AL,MNG,3626548.0
Mongolia,321,MNG,259349.0
Mongolia,323,MNG,7063.0
Mongolia,325,MNG,8632.0
Mongolia,326,MNG,806809.0
Mongolia,332,MNG,36427.0
Mongolia,333,MNG,288204.0
Mongolia,334,MNG,61594.0
Mongolia,335,MNG,289353.0
Mongolia,3361MV,MNG,364746.0
Mongolia,3364OT,MNG,1759000.0
Mongolia,337,MNG,18621.0
Mongolia,339,MNG,28715.0
Mongolia,Other,MNG,3766866.0
Montenegro,111CA,MNE,24955.0
Montenegro,311FT,MNE,4532594.0
Montenegro,315AL,MNE,49829.0
Montenegro,321,MNE,214788.0
Montenegro,322,MNE,85467.0
Montenegro,325,MNE,315156.0
Montenegro,326,MNE,115768.0
Montenegro,327,MNE,15544.0
Montenegro,332,MNE,1404960.0
Montenegro,333,MNE,230929.0
Montenegro,334,MNE,4357272.0
Montenegro,335,MNE,400595.0
Montenegro,3361MV,MNE,1039903.0
Montenegro,3364OT,MNE,254592.0
Montenegro,337,MNE,26419.0
Montenegro,339,MNE,36923.0
Montenegro,Other,MNE,2276612.0
Montserrat,212,MSR,95538.0
Montserrat,313TT,MSR,7774.0
Montserrat,315AL,MSR,2916.0
Montserrat,322,MSR,963.0
Montserrat,325,MSR,4851.0
Montserrat,326,MSR,46095.0
Montserrat,333,MSR,675648.0
Montserrat,334,MSR,4009213.0
Montserrat,335,MSR,293670.0
Montserrat,3361MV,MSR,336460.0
Montserrat,337,MSR,66288.0
Montserrat,339,MSR,8807.0
Montserrat,Other,MSR,83571.0
Nauru,313TT,NRU,17536.0
Nauru,315AL,NRU,134909.0
Nauru,325,NRU,103972.0
Nauru,326,NRU,101416.0
Nauru,327,NRU,18278.0
Nauru,332,NRU,158522.0
Nauru,333,NRU,458607.0
Nauru,334,NRU,55594.0
Nauru,335,NRU,37851.0
Nauru,3361MV,NRU,67930.0
Nauru,3364OT,NRU,10993.0
Nauru,337,NRU,684501.0
Nauru,339,NRU,51014.0
Nauru,Other,NRU,337801.0
Nepal,111CA,NPL,175287.0
Nepal,113FF,NPL,8741.0
Nepal,311FT,NPL,24380121.0
Nepal,313TT,NPL,65157194.0
Nepal,315AL,NPL,14277695.0
Nepal,321,NPL,906635.0
Nepal,322,NPL,1487761.0
Nepal,323,NPL,198906.0
Nepal,325,NPL,1484772.0
Nepal,326,NPL,97229.0
Nepal,327,NPL,103976.0
Nepal,332,NPL,440537.0
Nepal,333,NPL,429563.0
Nepal,334,NPL,22268.0
Nepal,335,NPL,62555.0
Nepal,3361MV,NPL,34349.0
Nepal,3364OT,NPL,78670.0
Nepal,337,NPL,40236.0
Nepal,339,NPL,5989679.0
Nepal,Other,NPL,5085415.0
Netherlands,111CA,NLD,703591549.0
Netherlands,113FF,NLD,98219816.0
Netherlands,211,NLD,68365.0
Netherlands,212,NLD,31107220.0
Netherlands,311FT,NLD,2542530302.0
Netherlands,313TT,NLD,199988420.0
Netherlands,315AL,NLD,21924228.0
Netherlands,321,NLD,77686762.0
Netherlands,322,NLD,180772026.0
Netherlands,323,NLD,23496188.0
Netherlands,324,NLD,4247118646.0
Netherlands,325,NLD,10844458014.0
Netherlands,326,NLD,271729564.0
Netherlands,327,NLD,96746336.0
Netherlands,331,NLD,834625123.0
Netherlands,332,NLD,609644156.0
Netherlands,333,NLD,4187322021.0
Netherlands,334,NLD,1873002453.0
Netherlands,335,NLD,618616240.0
Netherlands,3361MV,NLD,334259204.0
Netherlands,3364OT,NLD,903905753.0
Netherlands,337,NLD,57117655.0
Netherlands,339,NLD,330810845.0
Netherlands,Other,NLD,5044069352.0
New Caledonia,111CA,NCL,1531915.0
New Caledonia,311FT,NCL,77939.0
New Caledonia,315AL,NCL,19060.0
New Caledonia,325,NCL,273126.0
New Caledonia,326,NCL,102783.0
New Caledonia,327,NCL,3640.0
New Caledonia,331,NCL,29810898.0
New Caledonia,332,NCL,83374.0
New Caledonia,333,NCL,231091.0
New Caledonia,334,NCL,89542.0
New Caledonia,335,NCL,91053.0
New Caledonia,3361MV,NCL,546176.0
New Caledonia,3364OT,NCL,2721.0
New Caledonia,337,NCL,47170.0
New Caledonia,339,NCL,6624.0
New Caledonia,Other,NCL,927792.0
New Zealand,111CA,NZL,368743863.0
New Zealand,113FF,NZL,162446142.0
New Zealand,212,NZL,3240247.0
New Zealand,311FT,NZL,3246864710.0
New Zealand,313TT,NZL,33492228.0
New Zealand,315AL,NZL,4796330.0
New Zealand,321,NZL,222129750.0
New Zealand,322,NZL,13902776.0
New Zealand,323,NZL,1307531.0
New Zealand,325,NZL,239770234.0
New Zealand,326,NZL,41582536.0
New Zealand,327,NZL,4648410.0
New Zealand,331,NZL,71887290.0
New Zealand,332,NZL,50748156.0
New Zealand,333,NZL,407550847.0
New Zealand,334,NZL,168257564.0
New Zealand,335,NZL,70395743.0
New Zealand,3361MV,NZL,26201970.0
New Zealand,3364OT,NZL,28697503.0
New Zealand,337,NZL,7349566.0
New Zealand,339,NZL,206416187.0
New Zealand,Other,NZL,236612979.0
Nicaragua,111CA,NIC,312294122.0
Nicaragua,113FF,NIC,91083132.0
Nicaragua,311FT,NIC,918652102.0
Nicaragua,313TT,NIC,2399841.0
Nicaragua,315AL,NIC,1963447563.0
Nicaragua,321,NIC,2436538.0
Nicaragua,322,NIC,28145.0
Nicaragua,323,NIC,70361.0
Nicaragua,325,NIC,5524883.0
Nicaragua,326,NIC,558006.0
Nicaragua,327,NIC,371789.0
Nicaragua,331,NIC,582690133.0
Nicaragua,332,NIC,215322.0
Nicaragua,333,NIC,1548787.0
Nicaragua,334,NIC,345776.0
Nicaragua,335,NIC,244393.0
Nicaragua,3361MV,NIC,702356301.0
Nicaragua,3364OT,NIC,10428.0
Nicaragua,337,NIC,3803621.0
Nicaragua,339,NIC,15430786.0
Nicaragua,Other,NIC,18813510.0
Niue,313TT,NIU,15890.0
Niue,315AL,NIU,645.0
Niue,326,NIU,16660.0
Niue,327,NIU,2736222.0
Niue,332,NIU,53521.0
Niue,335,NIU,38668.0
Niue,339,NIU,811579.0
Niue,Other,NIU,649059.0
Norfolk Island,331,NFK,2267.0
Norfolk Island,334,NFK,14771.0
Norfolk Island,335,NFK,1092.0
Norfolk Island,3361MV,NFK,25046.0
Norfolk Island,339,NFK,5440.0
Norfolk Island,Other,NFK,142549.0
Norway,111CA,NOR,694882517.0
Norway,113FF,NOR,636642538.0
Norway,211,NOR,460259790.0
Norway,212,NOR,11827397.0
Norway,311FT,NOR,174271750.0
Norway,313TT,NOR,17602810.0
Norway,315AL,NOR,2409371.0
Norway,321,NOR,2854208.0
Norway,322,NOR,84356256.0
Norway,323,NOR,1489812.0
Norway,324,NOR,1142750258.0
Norway,325,NOR,813606099.0
Norway,326,NOR,19307331.0
Norway,327,NOR,70946662.0
Norway,331,NOR,633947742.0
Norway,332,NOR,108157212.0
Norway,333,NOR,330162463.0
Norway,334,NOR,377797026.0
Norway,335,NOR,158101744.0
Norway,3361MV,NOR,15212313.0
Norway,3364OT,NOR,234992307.0
Norway,337,NOR,42229316.0
Norway,339,NOR,49487623.0
Norway,Other,NOR,500039625.0
Oman,111CA,OMN,77608.0
Oman,113FF,OMN,3937569.0
Oman,311FT,OMN,6620479.0
Oman,313TT,OMN,30721.0
Oman,315AL,OMN,18584.0
Oman,322,OMN,20935.0
Oman,323,OMN,71113.0
Oman,324,OMN,39539117.0
Oman,325,OMN,182662770.0
Oman,326,OMN,309193032.0
Oman,327,OMN,8425638.0
Oman,331,OMN,384659653.0
Oman,332,OMN,7508144.0
Oman,333,OMN,6615049.0
Oman,334,OMN,367807.0
Oman,335,OMN,3464735.0
Oman,3361MV,OMN,11386848.0
Oman,3364OT,OMN,8896442.0
Oman,337,OMN,263243.0
Oman,339,OMN,218016690.0
Oman,Other,OMN,128215352.0
Pakistan,111CA,PAK,9254520.0
Pakistan,113FF,PAK,9365789.0
Pakistan,212,PAK,35685685.0
Pakistan,311FT,PAK,187891375.0
Pakistan,313TT,PAK,1813524863.0
Pakistan,315AL,PAK,2362434094.0
Pakistan,321,PAK,721492.0
Pakistan,322,PAK,2585031.0
Pakistan,323,PAK,1044790.0
Pakistan,324,PAK,45436737.0
Pakistan,325,PAK,105554620.0
Pakistan,326,PAK,59184826.0
Pakistan,327,PAK,16955015.0
Pakistan,331,PAK,15556562.0
Pakistan,332,PAK,41480678.0
Pakistan,333,PAK,12750398.0
Pakistan,334,PAK,3627701.0
Pakistan,335,PAK,10182133.0
Pakistan,3361MV,PAK,3716917.0
Pakistan,3364OT,PAK,4425866.0
Pakistan,337,PAK,15211742.0
Pakistan,339,PAK,239488497.0
Pakistan,Other,PAK,127576829.0
Palau,111CA,PLW,410234.0
Palau,113FF,PLW,48912.0
Palau,315AL,PLW,400.0
Palau,333,PLW,78460.0
Palau,3364OT,PLW,761308.0
Palau,339,PLW,5348.0
Palau,Other,PLW,929551.0
Panama,111CA,PAN,31445956.0
Panama,113FF,PAN,83830515.0
Panama,212,PAN,1767754.0
Panama,311FT,PAN,57784164.0
Panama,313TT,PAN,6639673.0
Panama,315AL,PAN,4667052.0
Panama,321,PAN,1545710.0
Panama,322,PAN,1388385.0
Panama,323,PAN,106883.0
Panama,324,PAN,526414.0
Panama,325,PAN,9261703.0
Panama,326,PAN,7331898.0
Panama,327,PAN,614193.0
Panama,331,PAN,29828627.0
Panama,332,PAN,1490383.0
Panama,333,PAN,7906065.0
Panama,334,PAN,47209058.0
Panama,335,PAN,10704821.0
Panama,3361MV,PAN,1632838.0
Panama,3364OT,PAN,380697.0
Panama,337,PAN,286702.0
Panama,339,PAN,5027533.0
Panama,Other,PAN,244443448.0
Papua New Guinea,111CA,PNG,68476954.0
Papua New Guinea,113FF,PNG,1738415.0
Papua New Guinea,311FT,PNG,490073.0
Papua New Guinea,313TT,PNG,4381.0
Papua New Guinea,315AL,PNG,39879.0
Papua New Guinea,321,PNG,149204.0
Papua New Guinea,323,PNG,5400.0
Papua New Guinea,326,PNG,45154.0
Papua New Guinea,327,PNG,2935.0
Papua New Guinea,331,PNG,55000.0
Papua New Guinea,332,PNG,5326.0
Papua New Guinea,333,PNG,996896.0
Papua New Guinea,334,PNG,896975.0
Papua New Guinea,3361MV,PNG,222780.0
Papua New Guinea,337,PNG,29009.0
Papua New Guinea,339,PNG,12371.0
Papua New Guinea,Other,PNG,5979946.0
Paraguay,111CA,PRY,64628780.0
Paraguay,113FF,PRY,37400.0
Paraguay,311FT,PRY,173065463.0
Paraguay,313TT,PRY,660049.0
Paraguay,315AL,PRY,14602028.0
Paraguay,321,PRY,9893283.0
Paraguay,322,PRY,78665.0
Paraguay,323,PRY,18132.0
Paraguay,325,PRY,28608474.0
Paraguay,326,PRY,34683.0
Paraguay,327,PRY,10872.0
Paraguay,331,PRY,42729183.0
Paraguay,332,PRY,55285.0
Paraguay,333,PRY,436540.0
Paraguay,334,PRY,823209.0
Paraguay,335,PRY,1172327.0
Paraguay,3361MV,PRY,10494582.0
Paraguay,3364OT,PRY,255374.0
Paraguay,337,PRY,60177.0
Paraguay,339,PRY,268521.0
Paraguay,Other,PRY,8219930.0
Peru,111CA,PER,3497567065.0
Peru,113FF,PER,247007756.0
Peru,211,PER,48289651.0
Peru,212,PER,821429472.0
Peru,311FT,PER,1045263077.0
Peru,313TT,PER,67569475.0
Peru,315AL,PER,818202058.0
Peru,321,PER,10342619.0
Peru,322,PER,4010879.0
Peru,323,PER,1009237.0
Peru,324,PER,298229590.0
Peru,325,PER,118348712.0
Peru,326,PER,112398902.0
Peru,327,PER,94287410.0
Peru,331,PER,1621255702.0
Peru,332,PER,22993915.0
Peru,333,PER,32463133.0
Peru,334,PER,2554744.0
Peru,335,PER,38982767.0
Peru,3361MV,PER,25514583.0
Peru,3364OT,PER,1952735.0
Peru,337,PER,3279387.0
Peru,339,PER,265089667.0
Peru,Other,PER,165150225.0
Philippines,111CA,PHL,64903380.0
Philippines,113FF,PHL,40873982.0
Philippines,211,PHL,59868.0
Philippines,212,PHL,165083.0
Philippines,311FT,PHL,1358485478.0
Philippines,313TT,PHL,57003867.0
Philippines,315AL,PHL,906866410.0
Philippines,321,PHL,51898483.0
Philippines,322,PHL,27048619.0
Philippines,323,PHL,1254972.0
Philippines,324,PHL,10645.0
Philippines,325,PHL,195410675.0
Philippines,326,PHL,370287839.0
Philippines,327,PHL,68181048.0
Philippines,331,PHL,13055633.0
Philippines,332,PHL,263274055.0
Philippines,333,PHL,705541690.0
Philippines,334,PHL,6313441697.0
Philippines,335,PHL,1745315257.0
Philippines,3361MV,PHL,925896017.0
Philippines,3364OT,PHL,97546749.0
Philippines,337,PHL,121033030.0
Philippines,339,PHL,332683018.0
Philippines,Other,PHL,517390621.0
Pitcairn Islands,111CA,PCN,5787.0
Pitcairn Islands,Other,PCN,3548.0
Poland,111CA,POL,58551850.0
Poland,113FF,POL,71693698.0
Poland,211,POL,178654.0
Poland,212,POL,1248172.0
Poland,311FT,POL,858957423.0
Poland,313TT,POL,46722962.0
Poland,315AL,POL,62311440.0
Poland,321,POL,121302394.0
Poland,322,POL,104414278.0
Poland,323,POL,15691181.0
Poland,324,POL,27281898.0
Poland,325,POL,504625837.0
Poland,326,POL,508570305.0
Poland,327,POL,246789065.0
Poland,331,POL,541051498.0
Poland,332,POL,777898074.0
Poland,333,POL,1861000956.0
Poland,334,POL,1525311571.0
Poland,335,POL,1943702080.0
Poland,3361MV,POL,1088340701.0
Poland,3364OT,POL,1781191711.0
Poland,337,POL,445263880.0
Poland,339,POL,463457242.0
Poland,Other,POL,632810200.0
Portugal,111CA,PRT,7469292.0
Portugal,113FF,PRT,19980189.0
Portugal,212,PRT,9429367.0
Portugal,311FT,PRT,264535035.0
Portugal,313TT,PRT,268054651.0
Portugal,315AL,PRT,646274922.0
Portugal,321,PRT,233755357.0
Portugal,322,PRT,95906872.0
Portugal,323,PRT,2301443.0
Portugal,324,PRT,1058248646.0
Portugal,325,PRT,1731618096.0
Portugal,326,PRT,454527680.0
Portugal,327,PRT,164351355.0
Portugal,331,PRT,76915607.0
Portugal,332,PRT,291299214.0
Portugal,333,PRT,192859212.0
Portugal,334,PRT,349163346.0
Portugal,335,PRT,252770821.0
Portugal,3361MV,PRT,61505148.0
Portugal,3364OT,PRT,42976564.0
Portugal,337,PRT,143202110.0
Portugal,339,PRT,33725477.0
Portugal,Other,PRT,188085854.0
Qatar,211,QAT,6100.0
Qatar,311FT,QAT,12400.0
Qatar,313TT,QAT,307899.0
Qatar,315AL,QAT,37165.0
Qatar,322,QAT,54466.0
Qatar,323,QAT,14397.0
Qatar,324,QAT,888544399.0
Qatar,325,QAT,383121175.0
Qatar,326,QAT,708324.0
Qatar,327,QAT,7672.0
Qatar,331,QAT,174630784.0
Qatar,332,QAT,5927057.0
Qatar,333,QAT,2033873.0
Qatar,334,QAT,641897.0
Qatar,335,QAT,59419.0
Qatar,3361MV,QAT,614106.0
Qatar,3364OT,QAT,167487.0
Qatar,337,QAT,67519.0
Qatar,339,QAT,6529732.0
Qatar,Other,QAT,370699856.0
Romania,111CA,ROU,13066077.0
Romania,113FF,ROU,68462.0
Romania,212,ROU,14466.0
Romania,311FT,ROU,38663253.0
Romania,313TT,ROU,51257037.0
Romania,315AL,ROU,259536407.0
Romania,321,ROU,83621948.0
Romania,322,ROU,2904413.0
Romania,323,ROU,2122279.0
Romania,324,ROU,1311281.0
Romania,325,ROU,166089123.0
Romania,326,ROU,300813904.0
Romania,327,ROU,13509666.0
Romania,331,ROU,423216112.0
Romania,332,ROU,300786162.0
Romania,333,ROU,345898486.0
Romania,334,ROU,593476133.0
Romania,335,ROU,662176661.0
Romania,3361MV,ROU,313507787.0
Romania,3364OT,ROU,89833606.0
Romania,337,ROU,92036230.0
Romania,339,ROU,35686401.0
Romania,Other,ROU,115416919.0
Russia,111CA,RUS,17667253.0
Russia,113FF,RUS,557917.0
Russia,212,RUS,1057365.0
Russia,311FT,RUS,57439681.0
Russia,313TT,RUS,45332.0
Russia,315AL,RUS,3041464.0
Russia,321,RUS,70767576.0
Russia,322,RUS,20969.0
Russia,323,RUS,346514.0
Russia,325,RUS,1779747126.0
Russia,326,RUS,1614371.0
Russia,327,RUS,1591290.0
Russia,331,RUS,928779256.0
Russia,332,RUS,2524653.0
Russia,333,RUS,2501534.0
Russia,334,RUS,8275283.0
Russia,335,RUS,6572373.0
Russia,3361MV,RUS,724417.0
Russia,3364OT,RUS,110024463.0
Russia,337,RUS,44280.0
Russia,339,RUS,1299315.0
Russia,Other,RUS,12858024.0
Samoa,111CA,WSM,314892.0
Samoa,311FT,WSM,3779945.0
Samoa,315AL,WSM,14779.0
Samoa,321,WSM,5400.0
Samoa,322,WSM,3846.0
Samoa,323,WSM,42656.0
Samoa,326,WSM,147090.0
Samoa,331,WSM,6097.0
Samoa,332,WSM,10401.0
Samoa,333,WSM,5065.0
Samoa,334,WSM,4552.0
Samoa,3361MV,WSM,16874.0
Samoa,3364OT,WSM,22911.0
Samoa,337,WSM,55049.0
Samoa,339,WSM,1082779.0
Samoa,Other,WSM,205338.0
San Marino,311FT,SMR,807366.0
San Marino,313TT,SMR,6444.0
San Marino,315AL,SMR,287978.0
San Marino,321,SMR,2928.0
San Marino,322,SMR,758607.0
San Marino,323,SMR,91582.0
San Marino,325,SMR,28941.0
San Marino,326,SMR,516997.0
San Marino,327,SMR,1269842.0
San Marino,331,SMR,1134951.0
San Marino,332,SMR,1180621.0
San Marino,333,SMR,14437049.0
San Marino,334,SMR,113804.0
San Marino,335,SMR,159768.0
San Marino,3361MV,SMR,114923.0
San Marino,3364OT,SMR,6350.0
San Marino,337,SMR,825394.0
San Marino,339,SMR,491264.0
San Marino,Other,SMR,2998220.0
Saudi Arabia,111CA,SAU,16018740.0
Saudi Arabia,113FF,SAU,8797534.0
Saudi Arabia,211,SAU,8149934871.0
Saudi Arabia,311FT,SAU,9084585.0
Saudi Arabia,313TT,SAU,67093081.0
Saudi Arabia,315AL,SAU,151471.0
Saudi Arabia,321,SAU,27033.0
Saudi Arabia,322,SAU,4491663.0
Saudi Arabia,323,SAU,835773.0
Saudi Arabia,324,SAU,2335892838.0
Saudi Arabia,325,SAU,1512679204.0
Saudi Arabia,326,SAU,16813320.0
Saudi Arabia,327,SAU,28964005.0
Saudi Arabia,331,SAU,195422060.0
Saudi Arabia,332,SAU,7889043.0
Saudi Arabia,333,SAU,30535338.0
Saudi Arabia,334,SAU,3320342.0
Saudi Arabia,335,SAU,14137136.0
Saudi Arabia,3361MV,SAU,3305677.0
Saudi Arabia,3364OT,SAU,10398083.0
Saudi Arabia,337,SAU,235862.0
Saudi Arabia,339,SAU,22268726.0
Saudi Arabia,Other,SAU,295428774.0
Serbia,111CA,SRB,2080950.0
Serbia,113FF,SRB,54800.0
Serbia,212,SRB,21206.0
Serbia,311FT,SRB,101223659.0
Serbia,313TT,SRB,4189436.0
Serbia,315AL,SRB,11055327.0
Serbia,321,SRB,1422940.0
Serbia,322,SRB,3188575.0
Serbia,323,SRB,649710.0
Serbia,324,SRB,21982088.0
Serbia,325,SRB,6527640.0
Serbia,326,SRB,184467506.0
Serbia,327,SRB,23282739.0
Serbia,331,SRB,22176024.0
Serbia,332,SRB,108857026.0
Serbia,333,SRB,121387907.0
Serbia,334,SRB,27856145.0
Serbia,335,SRB,48056124.0
Serbia,3361MV,SRB,83886713.0
Serbia,3364OT,SRB,10381378.0
Serbia,337,SRB,8902280.0
Serbia,339,SRB,6837015.0
Serbia,Other,SRB,15863356.0
Singapore,111CA,SGP,9588952.0
Singapore,113FF,SGP,10756693.0
Singapore,212,SGP,590608.0
Singapore,311FT,SGP,2809859439.0
Singapore,313TT,SGP,5028232.0
Singapore,315AL,SGP,3543147.0
Singapore,321,SGP,1368956.0
Singapore,322,SGP,9842551.0
Singapore,323,SGP,22108957.0
Singapore,324,SGP,1926989457.0
Singapore,325,SGP,20881578340.0
Singapore,326,SGP,265951552.0
Singapore,327,SGP,96054561.0
Singapore,331,SGP,100587003.0
Singapore,332,SGP,205646549.0
Singapore,333,SGP,2991518313.0
Singapore,334,SGP,4424867779.0
Singapore,335,SGP,948459764.0
Singapore,3361MV,SGP,73020591.0
Singapore,3364OT,SGP,505734506.0
Singapore,337,SGP,65026566.0
Singapore,339,SGP,3037159602.0
Singapore,Other,SGP,4808440785.0
Sint Maarten,111CA,SXM,62360.0
Sint Maarten,311FT,SXM,101705.0
Sint Maarten,313TT,SXM,3275.0
Sint Maarten,315AL,SXM,4612.0
Sint Maarten,332,SXM,26847.0
Sint Maarten,333,SXM,21413.0
Sint Maarten,334,SXM,155180.0
Sint Maarten,335,SXM,387532.0
Sint Maarten,3361MV,SXM,5860.0
Sint Maarten,3364OT,SXM,35000.0
Sint Maarten,339,SXM,90464.0
Sint Maarten,Other,SXM,100640970.0
Slovakia,111CA,SVK,3803417.0
Slovakia,113FF,SVK,182100.0
Slovakia,212,SVK,15732.0
Slovakia,311FT,SVK,4493956.0
Slovakia,313TT,SVK,5561496.0
Slovakia,315AL,SVK,43707143.0
Slovakia,321,SVK,2391721.0
Slovakia,322,SVK,16316321.0
Slovakia,323,SVK,5633515.0
Slovakia,324,SVK,80848.0
Slovakia,325,SVK,35830865.0
Slovakia,326,SVK,323048436.0
Slovakia,327,SVK,51378808.0
Slovakia,331,SVK,33264064.0
Slovakia,332,SVK,147050925.0
Slovakia,333,SVK,476425979.0
Slovakia,334,SVK,199780343.0
Slovakia,335,SVK,214778152.0
Slovakia,3361MV,SVK,6463331598.0
Slovakia,3364OT,SVK,3389758.0
Slovakia,337,SVK,34080298.0
Slovakia,339,SVK,46617087.0
Slovakia,Other,SVK,76192035.0
Slovenia,111CA,SVN,559997.0
Slovenia,113FF,SVN,1979702.0
Slovenia,212,SVN,127300.0
Slovenia,311FT,SVN,47981919.0
Slovenia,313TT,SVN,20422157.0
Slovenia,315AL,SVN,6546095.0
Slovenia,321,SVN,7284335.0
Slovenia,322,SVN,4509959.0
Slovenia,323,SVN,12899503.0
Slovenia,324,SVN,37156.0
Slovenia,325,SVN,5223962218.0
Slovenia,326,SVN,29913925.0
Slovenia,327,SVN,34862064.0
Slovenia,331,SVN,135027363.0
Slovenia,332,SVN,63257947.0
Slovenia,333,SVN,213865423.0
Slovenia,334,SVN,99512606.0
Slovenia,335,SVN,129669388.0
Slovenia,3361MV,SVN,82483324.0
Slovenia,3364OT,SVN,43798486.0
Slovenia,337,SVN,14291477.0
Slovenia,339,SVN,88379632.0
Slovenia,Other,SVN,31665964.0
Solomon Islands,111CA,SLB,466550.0
Solomon Islands,113FF,SLB,177221.0
Solomon Islands,311FT,SLB,212844.0
Solomon Islands,315AL,SLB,5817.0
Solomon Islands,321,SLB,8353.0
Solomon Islands,325,SLB,119544.0
Solomon Islands,326,SLB,6041.0
Solomon Islands,335,SLB,6823.0
Solomon Islands,3361MV,SLB,3074.0
Solomon Islands,337,SLB,12400.0
Solomon Islands,339,SLB,158263.0
Solomon Islands,Other,SLB,168969.0
Spain,111CA,ESP,166451588.0
Spain,113FF,ESP,322988591.0
Spain,212,ESP,136579089.0
Spain,311FT,ESP,3456772788.0
Spain,313TT,ESP,106885295.0
Spain,315AL,ESP,475109830.0
Spain,321,ESP,150439480.0
Spain,322,ESP,224200918.0
Spain,323,ESP,142051121.0
Spain,324,ESP,1045291505.0
Spain,325,ESP,5083418600.0
Spain,326,ESP,516071881.0
Spain,327,ESP,999143085.0
Spain,331,ESP,573639075.0
Spain,332,ESP,1051806495.0
Spain,333,ESP,2115138649.0
Spain,334,ESP,1224405811.0
Spain,335,ESP,610019452.0
Spain,3361MV,ESP,637579578.0
Spain,3364OT,ESP,590554664.0
Spain,337,ESP,220994883.0
Spain,339,ESP,469702706.0
Spain,Other,ESP,959496158.0
Sri Lanka,111CA,LKA,41460871.0
Sri Lanka,113FF,LKA,29203709.0
Sri Lanka,212,LKA,275331.0
Sri Lanka,311FT,LKA,190667636.0
Sri Lanka,313TT,LKA,49880671.0
Sri Lanka,315AL,LKA,1718134277.0
Sri Lanka,321,LKA,1345207.0
Sri Lanka,322,LKA,5533124.0
Sri Lanka,323,LKA,7514702.0
Sri Lanka,324,LKA,4676.0
Sri Lanka,325,LKA,61589844.0
Sri Lanka,326,LKA,263440266.0
Sri Lanka,327,LKA,14912633.0
Sri Lanka,331,LKA,40723446.0
Sri Lanka,332,LKA,16260396.0
Sri Lanka,333,LKA,121563601.0
Sri Lanka,334,LKA,22299553.0
Sri Lanka,335,LKA,14570818.0
Sri Lanka,3361MV,LKA,4461475.0
Sri Lanka,3364OT,LKA,10175574.0
Sri Lanka,337,LKA,15131571.0
Sri Lanka,339,LKA,361842172.0
Sri Lanka,Other,LKA,24593909.0
St Kitts and Nevis,111CA,KNA,126000.0
St Kitts and Nevis,113FF,KNA,133345.0
St Kitts and Nevis,311FT,KNA,834288.0
St Kitts and Nevis,315AL,KNA,48530.0
St Kitts and Nevis,323,KNA,42770.0
St Kitts and Nevis,325,KNA,2036.0
St Kitts and Nevis,326,KNA,113517.0
St Kitts and Nevis,332,KNA,231654.0
St Kitts and Nevis,333,KNA,56855.0
St Kitts and Nevis,334,KNA,8621170.0
St Kitts and Nevis,335,KNA,3595431.0
St Kitts and Nevis,339,KNA,1040928.0
St Kitts and Nevis,Other,KNA,4782718.0
St Lucia,111CA,LCA,7776.0
St Lucia,113FF,LCA,1114340.0
St Lucia,311FT,LCA,914376.0
St Lucia,324,LCA,4500.0
St Lucia,325,LCA,4721.0
St Lucia,326,LCA,2534.0
St Lucia,334,LCA,51198.0
St Lucia,335,LCA,124486.0
St Lucia,3364OT,LCA,349591.0
St Lucia,337,LCA,2572.0
St Lucia,339,LCA,317157.0
St Lucia,Other,LCA,4062669.0
St Pierre and Miquelon,323,SPM,2500.0
St Pierre and Miquelon,335,SPM,2964.0
St Pierre and Miquelon,Other,SPM,3430259.0
St Vincent and the Grenadines,111CA,VCT,12782.0
St Vincent and the Grenadines,113FF,VCT,2016681.0
St Vincent and the Grenadines,311FT,VCT,70799.0
St Vincent and the Grenadines,315AL,VCT,2746.0
St Vincent and the Grenadines,323,VCT,5000.0
St Vincent and the Grenadines,332,VCT,2688.0
St Vincent and the Grenadines,333,VCT,44707.0
St Vincent and the Grenadines,334,VCT,7037.0
St Vincent and the Grenadines,335,VCT,5762.0
St Vincent and the Grenadines,3361MV,VCT,16496.0
St Vincent and the Grenadines,337,VCT,16164.0
St Vincent and the Grenadines,339,VCT,3000.0
St Vincent and the Grenadines,Other,VCT,6060018.0
Suriname,111CA,SUR,855347.0
Suriname,113FF,SUR,45980582.0
Suriname,211,SUR,12500.0
Suriname,311FT,SUR,1215123.0
Suriname,313TT,SUR,385.0
Suriname,315AL,SUR,1314.0
Suriname,321,SUR,3420635.0
Suriname,326,SUR,256058.0
Suriname,331,SUR,16900.0
Suriname,332,SUR,976801.0
Suriname,333,SUR,2061843.0
Suriname,334,SUR,541456.0
Suriname,335,SUR,320767.0
Suriname,3361MV,SUR,1941130.0
Suriname,3364OT,SUR,1088206.0
Suriname,339,SUR,122658.0
Suriname,Other,SUR,32101705.0
"Svalbard, Jan Mayen Island",325,SJM,8750.0
"Svalbard, Jan Mayen Island",326,SJM,3535.0
"Svalbard, Jan Mayen Island",333,SJM,16380.0
"Svalbard, Jan Mayen Island",334,SJM,9616.0
"Svalbard, Jan Mayen Island",3361MV,SJM,2307.0
"Svalbard, Jan Mayen Island",Other,SJM,1267.0
Sweden,111CA,SWE,8858220.0
Sweden,113FF,SWE,45842860.0
Sweden,211,SWE,33864.0
Sweden,212,SWE,24696661.0
Sweden,311FT,SWE,250336755.0
Sweden,313TT,SWE,42121163.0
Sweden,315AL,SWE,11949861.0
Sweden,321,SWE,307850526.0
Sweden,322,SWE,720291694.0
Sweden,323,SWE,8775229.0
Sweden,324,SWE,303692442.0
Sweden,325,SWE,3809233795.0
Sweden,326,SWE,178033981.0
Sweden,327,SWE,45219309.0
Sweden,331,SWE,770118121.0
Sweden,332,SWE,593470143.0
Sweden,333,SWE,2985940091.0
Sweden,334,SWE,1103663642.0
Sweden,335,SWE,848380857.0
Sweden,3361MV,SWE,4104168963.0
Sweden,3364OT,SWE,561752213.0
Sweden,337,SWE,128451992.0
Sweden,339,SWE,556509717.0
Sweden,Other,SWE,586280569.0
Switzerland,111CA,CHE,4171068.0
Switzerland,113FF,CHE,5628521.0
Switzerland,211,CHE,2003.0
Switzerland,212,CHE,1746679.0
Switzerland,311FT,CHE,1789881784.0
Switzerland,313TT,CHE,65949336.0
Switzerland,315AL,CHE,52981993.0
Switzerland,321,CHE,15526403.0
Switzerland,322,CHE,30506348.0
Switzerland,323,CHE,74227586.0
Switzerland,324,CHE,12373383.0
Switzerland,325,CHE,24248643718.0
Switzerland,326,CHE,226626202.0
Switzerland,327,CHE,90513826.0
Switzerland,331,CHE,14188936056.0
Switzerland,332,CHE,800919956.0
Switzerland,333,CHE,3505677894.0
Switzerland,334,CHE,9111045828.0
Switzerland,335,CHE,1135258295.0
Switzerland,3361MV,CHE,59364698.0
Switzerland,3364OT,CHE,1062084519.0
Switzerland,337,CHE,71807850.0
Switzerland,339,CHE,3111941266.0
Switzerland,Other,CHE,3759503390.0
Syria,111CA,SYR,682636.0
Syria,113FF,SYR,13500.0
Syria,311FT,SYR,8574104.0
Syria,313TT,SYR,22026.0
Syria,315AL,SYR,31158.0
Syria,321,SYR,45496.0
Syria,322,SYR,16182.0
Syria,325,SYR,33646.0
Syria,326,SYR,15126.0
Syria,327,SYR,2026180.0
Syria,331,SYR,24000.0
Syria,332,SYR,68406.0
Syria,333,SYR,248400.0
Syria,334,SYR,111764.0
Syria,335,SYR,15336.0
Syria,337,SYR,74946.0
Syria,339,SYR,27872.0
Syria,Other,SYR,9272158.0
Taiwan,111CA,TWN,86975738.0
Taiwan,113FF,TWN,126639723.0
Taiwan,211,TWN,100422.0
Taiwan,212,TWN,717866.0
Taiwan,311FT,TWN,681271792.0
Taiwan,313TT,TWN,484805840.0
Taiwan,315AL,TWN,253874514.0
Taiwan,321,TWN,50858364.0
Taiwan,322,TWN,432289656.0
Taiwan,323,TWN,60628402.0
Taiwan,324,TWN,519243102.0
Taiwan,325,TWN,2590161517.0
Taiwan,326,TWN,2076086594.0
Taiwan,327,TWN,403161638.0
Taiwan,331,TWN,1667999638.0
Taiwan,332,TWN,6549030674.0
Taiwan,333,TWN,7269062011.0
Taiwan,334,TWN,77591109115.0
Taiwan,335,TWN,4167746183.0
Taiwan,3361MV,TWN,3033505602.0
Taiwan,3364OT,TWN,1760358681.0
Taiwan,337,TWN,1227815379.0
Taiwan,339,TWN,2639621818.0
Taiwan,Other,TWN,2590962618.0
Tajikistan,111CA,TJK,71285.0
Tajikistan,311FT,TJK,128910.0
Tajikistan,315AL,TJK,1535.0
Tajikistan,321,TJK,12206.0
Tajikistan,322,TJK,35000.0
Tajikistan,323,TJK,13160.0
Tajikistan,325,TJK,28748.0
Tajikistan,331,TJK,3443140.0
Tajikistan,333,TJK,4800.0
Tajikistan,334,TJK,137680.0
Tajikistan,335,TJK,36358.0
Tajikistan,339,TJK,284352.0
Tajikistan,Other,TJK,436764.0
Thailand,111CA,THA,226768468.0
Thailand,113FF,THA,817749344.0
Thailand,212,THA,1179205.0
Thailand,311FT,THA,4221989208.0
Thailand,313TT,THA,297590185.0
Thailand,315AL,THA,1338956298.0
Thailand,321,THA,207542971.0
Thailand,322,THA,146482488.0
Thailand,323,THA,11950444.0
Thailand,324,THA,27585256.0
Thailand,325,THA,1278174748.0
Thailand,326,THA,4861792549.0
Thailand,327,THA,614137125.0
Thailand,331,THA,983757193.0
Thailand,332,THA,1444010890.0
Thailand,333,THA,4374349724.0
Thailand,334,THA,25805439577.0
Thailand,335,THA,8522065323.0
Thailand,3361MV,THA,2360237056.0
Thailand,3364OT,THA,578800179.0
Thailand,337,THA,804137427.0
Thailand,339,THA,3628510666.0
Thailand,Other,THA,774973898.0
Timor-Leste,111CA,TLS,3656774.0
Timor-Leste,311FT,TLS,1103655.0
Timor-Leste,315AL,TLS,781.0
Timor-Leste,326,TLS,496597.0
Timor-Leste,332,TLS,100800.0
Timor-Leste,333,TLS,15026.0
Timor-Leste,334,TLS,314216.0
Timor-Leste,335,TLS,132442.0
Timor-Leste,3361MV,TLS,9966.0
Timor-Leste,339,TLS,5785.0
Timor-Leste,Other,TLS,76634.0
Tokelau,334,TKL,3399.0
Tokelau,Other,TKL,174186.0
Tonga,111CA,TON,402430.0
Tonga,113FF,TON,513207.0
Tonga,311FT,TON,8314.0
Tonga,313TT,TON,23388.0
Tonga,315AL,TON,26278.0
Tonga,321,TON,3440.0
Tonga,322,TON,141278.0
Tonga,323,TON,58162.0
Tonga,326,TON,25468.0
Tonga,327,TON,29832.0
Tonga,332,TON,58052.0
Tonga,333,TON,165292.0
Tonga,334,TON,72729.0
Tonga,335,TON,226901.0
Tonga,337,TON,312.0
Tonga,339,TON,650421.0
Tonga,Other,TON,439742.0
Trinidad and Tobago,111CA,TTO,554706.0
Trinidad and Tobago,113FF,TTO,12791946.0
Trinidad and Tobago,211,TTO,1789371228.0
Trinidad and Tobago,212,TTO,65250.0
Trinidad and Tobago,311FT,TTO,47372351.0
Trinidad and Tobago,313TT,TTO,5152.0
Trinidad and Tobago,315AL,TTO,56387.0
Trinidad and Tobago,321,TTO,498938.0
Trinidad and Tobago,322,TTO,5106540.0
Trinidad and Tobago,323,TTO,17888.0
Trinidad and Tobago,324,TTO,306414.0
Trinidad and Tobago,325,TTO,755772554.0
Trinidad and Tobago,326,TTO,5374792.0
Trinidad and Tobago,327,TTO,2944.0
Trinidad and Tobago,331,TTO,623885305.0
Trinidad and Tobago,332,TTO,420401.0
Trinidad and Tobago,333,TTO,1495960.0
Trinidad and Tobago,334,TTO,880368.0
Trinidad and Tobago,335,TTO,193523.0
Trinidad and Tobago,3361MV,TTO,84321.0
Trinidad and Tobago,3364OT,TTO,1778787.0
Trinidad and Tobago,337,TTO,45269.0
Trinidad and Tobago,339,TTO,3827887.0
Trinidad and Tobago,Other,TTO,75969060.0
Turkey,111CA,TUR,272435511.0
Turkey,113FF,TUR,102607568.0
Turkey,211,TUR,87439.0
Turkey,212,TUR,72887371.0
Turkey,311FT,TUR,1678765405.0
Turkey,313TT,TUR,1549904776.0
Turkey,315AL,TUR,1021465827.0
Turkey,321,TUR,62446900.0
Turkey,322,TUR,195464128.0
Turkey,323,TUR,20284369.0
Turkey,324,TUR,1094534944.0
Turkey,325,TUR,781548691.0
Turkey,326,TUR,623302409.0
Turkey,327,TUR,1224617754.0
Turkey,331,TUR,888370732.0
Turkey,332,TUR,1298245846.0
Turkey,333,TUR,1204125606.0
Turkey,334,TUR,248944327.0
Turkey,335,TUR,1002615660.0
Turkey,3361MV,TUR,1004214350.0
Turkey,3364OT,TUR,859147575.0
Turkey,337,TUR,211522168.0
Turkey,339,TUR,685948676.0
Turkey,Other,TUR,642176025.0
Turkmenistan,313TT,TKM,9251.0
Turkmenistan,315AL,TKM,7423.0
Turkmenistan,325,TKM,10023566.0
Turkmenistan,326,TKM,6412.0
Turkmenistan,332,TKM,5719.0
Turkmenistan,333,TKM,97604.0
Turkmenistan,334,TKM,107901.0
Turkmenistan,335,TKM,156832.0
Turkmenistan,339,TKM,39688.0
Turkmenistan,Other,TKM,4136189.0
Turks and Caicos Islands,113FF,TCA,3226185.0
Turks and Caicos Islands,311FT,TCA,112821.0
Turks and Caicos Islands,315AL,TCA,3175.0
Turks and Caicos Islands,326,TCA,20904.0
Turks and Caicos Islands,327,TCA,5732.0
Turks and Caicos Islands,332,TCA,50141.0
Turks and Caicos Islands,333,TCA,703957.0
Turks and Caicos Islands,334,TCA,110812.0
Turks and Caicos Islands,335,TCA,102242.0
Turks and Caicos Islands,3361MV,TCA,118993.0
Turks and Caicos Islands,3364OT,TCA,3300.0
Turks and Caicos Islands,337,TCA,83898.0
Turks and Caicos Islands,339,TCA,26562.0
Turks and Caicos Islands,Other,TCA,6414907.0
Tuvalu,313TT,TUV,2433.0
Tuvalu,315AL,TUV,788.0
Tuvalu,332,TUV,45098.0
Tuvalu,333,TUV,5456.0
Tuvalu,334,TUV,9045.0
Tuvalu,337,TUV,53086.0
Tuvalu,339,TUV,77946.0
Tuvalu,Other,TUV,30595.0
Ukraine,111CA,UKR,31131913.0
Ukraine,113FF,UKR,9232295.0
Ukraine,212,UKR,30888132.0
Ukraine,311FT,UKR,165806699.0
Ukraine,313TT,UKR,32617349.0
Ukraine,315AL,UKR,24746845.0
Ukraine,321,UKR,13141399.0
Ukraine,322,UKR,3736825.0
Ukraine,323,UKR,566811.0
Ukraine,324,UKR,1717366.0
Ukraine,325,UKR,71012884.0
Ukraine,326,UKR,21471534.0
Ukraine,327,UKR,2995678.0
Ukraine,331,UKR,541613131.0
Ukraine,332,UKR,25411796.0
Ukraine,333,UKR,18642348.0
Ukraine,334,UKR,38711369.0
Ukraine,335,UKR,38883315.0
Ukraine,3361MV,UKR,21715789.0
Ukraine,3364OT,UKR,25999776.0
Ukraine,337,UKR,10391645.0
Ukraine,339,UKR,25989505.0
Ukraine,Other,UKR,30073889.0
United Arab Emirates,111CA,ARE,9713067.0
United Arab Emirates,113FF,ARE,5901874.0
United Arab Emirates,211,ARE,1165403932.0
United Arab Emirates,212,ARE,1601440.0
United Arab Emirates,311FT,ARE,126581538.0
United Arab Emirates,313TT,ARE,49906742.0
United Arab Emirates,315AL,ARE,21265511.0
United Arab Emirates,321,ARE,1936430.0
United Arab Emirates,322,ARE,89866064.0
United Arab Emirates,323,ARE,8345210.0
United Arab Emirates,324,ARE,639830696.0
United Arab Emirates,325,ARE,765166873.0
United Arab Emirates,326,ARE,89888824.0
United Arab Emirates,327,ARE,131083516.0
United Arab Emirates,331,ARE,1663727938.0
United Arab Emirates,332,ARE,518867492.0
United Arab Emirates,333,ARE,225483859.0
United Arab Emirates,334,ARE,98596420.0
United Arab Emirates,335,ARE,164413711.0
United Arab Emirates,3361MV,ARE,98712289.0
United Arab Emirates,3364OT,ARE,60734022.0
United Arab Emirates,337,ARE,8605173.0
United Arab Emirates,339,ARE,208463085.0
United Arab Emirates,Other,ARE,1320336918.0
United Kingdom,111CA,GBR,306695076.0
United Kingdom,113FF,GBR,16745848.0
United Kingdom,211,GBR,1507510738.0
United Kingdom,212,GBR,24731828.0
United Kingdom,311FT,GBR,2800276563.0
United Kingdom,313TT,GBR,303916590.0
United Kingdom,315AL,GBR,238422681.0
United Kingdom,321,GBR,21843145.0
United Kingdom,322,GBR,306687625.0
United Kingdom,323,GBR,451545508.0
United Kingdom,324,GBR,1732279580.0
United Kingdom,325,GBR,12065616741.0
United Kingdom,326,GBR,831270785.0
United Kingdom,327,GBR,271082725.0
United Kingdom,331,GBR,1424769956.0
United Kingdom,332,GBR,2023928579.0
United Kingdom,333,GBR,9046117854.0
United Kingdom,334,GBR,4225654381.0
United Kingdom,335,GBR,2230784946.0
United Kingdom,3361MV,GBR,11089635980.0
United Kingdom,3364OT,GBR,6298861047.0
United Kingdom,337,GBR,469379782.0
United Kingdom,339,GBR,2372482532.0
United Kingdom,Other,GBR,8024227842.0
Uruguay,111CA,URY,74301559.0
Uruguay,113FF,URY,11009159.0
Uruguay,212,URY,130958.0
Uruguay,311FT,URY,741175331.0
Uruguay,313TT,URY,2829156.0
Uruguay,315AL,URY,5974932.0
Uruguay,321,URY,87426578.0
Uruguay,322,URY,187124967.0
Uruguay,323,URY,134997.0
Uruguay,324,URY,76630.0
Uruguay,325,URY,22274119.0
Uruguay,326,URY,491518.0
Uruguay,327,URY,295008.0
Uruguay,331,URY,6196349.0
Uruguay,332,URY,421670.0
Uruguay,333,URY,2853504.0
Uruguay,334,URY,10913229.0
Uruguay,335,URY,4277938.0
Uruguay,3361MV,URY,947873.0
Uruguay,3364OT,URY,326611.0
Uruguay,337,URY,247378.0
Uruguay,339,URY,31875008.0
Uruguay,Other,URY,37529680.0
Uzbekistan,111CA,UZB,2565680.0
Uzbekistan,113FF,UZB,68340.0
Uzbekistan,311FT,UZB,6398827.0
Uzbekistan,313TT,UZB,361493.0
Uzbekistan,315AL,UZB,908762.0
Uzbekistan,321,UZB,5000.0
Uzbekistan,322,UZB,7850.0
Uzbekistan,323,UZB,87738.0
Uzbekistan,325,UZB,2309356.0
Uzbekistan,326,UZB,486774.0
Uzbekistan,327,UZB,461023.0
Uzbekistan,331,UZB,11574319.0
Uzbekistan,332,UZB,606530.0
Uzbekistan,333,UZB,167182.0
Uzbekistan,334,UZB,715422.0
Uzbekistan,335,UZB,80387.0
Uzbekistan,3361MV,UZB,8189.0
Uzbekistan,3364OT,UZB,46349.0
Uzbekistan,337,UZB,21290.0
Uzbekistan,339,UZB,342327.0
Uzbekistan,Other,UZB,15214747.0
Vanuatu,111CA,VUT,10590975.0
Vanuatu,113FF,VUT,1565305.0
Vanuatu,311FT,VUT,1128035.0
Vanuatu,315AL,VUT,4356.0
Vanuatu,321,VUT,27349.0
Vanuatu,325,VUT,57510.0
Vanuatu,332,VUT,12453.0
Vanuatu,335,VUT,15775.0
Vanuatu,337,VUT,6675.0
Vanuatu,Other,VUT,258588.0
Vatican City,327,VAT,24557.0
Vatican City,339,VAT,125564.0
Vatican City,Other,VAT,20478.0
Venezuela,111CA,VEN,19098417.0
Venezuela,113FF,VEN,37926125.0
Venezuela,211,VEN,5591455656.0
Venezuela,311FT,VEN,115442522.0
Venezuela,313TT,VEN,32241.0
Venezuela,315AL,VEN,228065.0
Venezuela,321,VEN,745332.0
Venezuela,322,VEN,902734.0
Venezuela,323,VEN,3337280.0
Venezuela,324,VEN,116792768.0
Venezuela,325,VEN,48679102.0
Venezuela,326,VEN,2013594.0
Venezuela,327,VEN,1097429.0
Venezuela,331,VEN,1757739.0
Venezuela,332,VEN,981326.0
Venezuela,333,VEN,2252039.0
Venezuela,334,VEN,641320.0
Venezuela,335,VEN,17127390.0
Venezuela,3361MV,VEN,581460.0
Venezuela,3364OT,VEN,727849.0
Venezuela,337,VEN,53247.0
Venezuela,339,VEN,353253.0
Venezuela,Other,VEN,25635889.0
Vietnam,111CA,VNM,1706644852.0
Vietnam,113FF,VNM,1084273046.0
Vietnam,212,VNM,24270956.0
Vietnam,311FT,VNM,2092687725.0
Vietnam,313TT,VNM,1314364582.0
Vietnam,315AL,VNM,25183858448.0
Vietnam,321,VNM,1137934781.0
Vietnam,322,VNM,610309176.0
Vietnam,323,VNM,389383646.0
Vietnam,324,VNM,1551149.0
Vietnam,325,VNM,943821934.0
Vietnam,326,VNM,4523996576.0
Vietnam,327,VNM,1067256405.0
Vietnam,331,VNM,1450815493.0
Vietnam,332,VNM,2783809328.0
Vietnam,333,VNM,4741364643.0
Vietnam,334,VNM,54123933843.0
Vietnam,335,VNM,11779408369.0
Vietnam,3361MV,VNM,1817650595.0
Vietnam,3364OT,VNM,500950246.0
Vietnam,337,VNM,12606303888.0
Vietnam,339,VNM,4733638769.0
Vietnam,Other,VNM,1942927359.0
Wallis and Futuna,332,WLF,23491.0
Wallis and Futuna,Other,WLF,15723.0
West Bank Administered by Israel,111CA,ISR,2072157.0
West Bank Administered by Israel,113FF,ISR,3320.0
West Bank Administered by Israel,311FT,ISR,2675453.0
West Bank Administered by Israel,315AL,ISR,149784.0
West Bank Administered by Israel,321,ISR,54000.0
West Bank Administered by Israel,325,ISR,376575.0
West Bank Administered by Israel,327,ISR,41594.0
West Bank Administered by Israel,332,ISR,3608.0
West Bank Administered by Israel,333,ISR,11339.0
West Bank Administered by Israel,3361MV,ISR,16253.0
West Bank Administered by Israel,339,ISR,198805.0
West Bank Administered by Israel,Other,ISR,396003.0
Yemen,111CA,YEM,2282392.0
Yemen,311FT,YEM,4468652.0
Yemen,313TT,YEM,105903.0
Yemen,315AL,YEM,29855.0
Yemen,321,YEM,30886.0
Yemen,323,YEM,2600.0
Yemen,325,YEM,61697.0
Yemen,326,YEM,4652.0
Yemen,327,YEM,29754.0
Yemen,332,YEM,73730.0
Yemen,333,YEM,56092.0
Yemen,334,YEM,4015.0
Yemen,335,YEM,21684.0
Yemen,3364OT,YEM,177000.0
Yemen,337,YEM,324398.0
Yemen,339,YEM,60210.0
Yemen,Other,YEM,1181738.0
